id,categoria,nombre,descripcion,precio,garantia,imagen,disponible
1,ALL IN ONE,"HP ProOne 240 G10 ULTRA5-125U 4,3 GHz,16GB DDR5, SSD M.2 512 GB, FHD (1920 x 1080) IPS 23.8 PULG, TECLADO EN ESPAÑOL, SO.FREE, PN: CQ1V5LT#ABM",,3090.0,,https://rymportatiles.com.pe/cdn/shop/files/PRO-ONE-240-G10-INTEL-CORE-ULTRA-5_PORTADA.jpg?v=1771513747&width=1500,SI
2,NOTEBOOKS,"NB LENOVO V15 G4 ATHLON SILVER 7120U 3.5GHz, 8GB DDR5, SSD 256GB NVMe, LED 15.6"" FHD (1920x1080), WCAM HD 720p, TECLADO EN ESPAÑOL, SO.FREE.         PN 82YU00X5LM",,1930.0,,https://alfatechperu.com/wp-content/uploads/2024/07/laptop-lenovo-v15-g4-amn-amd-athlom-silver-7120u-8gb-ram-256gb-ssd-15-6-fhd-82yu00x5lm-1-600x600.webp,SI
3,NOTEBOOKS,"NB HP 15-FD1258LA   CORE 5-120U 5.0GHz , 8GB DDR5, SSD 256 GB, LED 15.6"" FHD (1920 x 1080), WCAM 720P, TECLADO EN ESPAÑOL, SO. FREE      PN:  DM8V2LA#ABM",,2490.0,,https://panamericana.vtexassets.com/arquivos/ids/600970/Portatil-hp-de-156--Intel-Core-Ultra-5-125H-RAM-8-GB-512-GB-SSD-W11.jpg?v=638887342394300000,SI
4,NOTEBOOKS,"NB LENOVO V15 G5 IRL CORE I5 - 13420H  2.1 / 4.6 GHZ, 8GB DDR5, SSD 512 GB NVMe, LED 15.6"" FHD (1920x1080), WCAM 720P, TECLADO EN ESPAÑOL, SO. FREE. PN: 83GW005LLD",,2558.0,,https://rymportatiles.com.pe/cdn/shop/files/LENOVO-V15-G5-IRL-INTEL-CORE-I5_PORTADA.jpg?v=1770998599&width=1500,SI
5,NOTEBOOKS,"NB LENOVO IDEAPAD SLIM 3 15IRH10 CORE I5 - 13420H 4,9 GHz, 8 GB DDR5, SSD 512 GB NVME,  PANTALLA TÁCTIL  IPS 15.3"" WUXGA (1920x1200),  WCAM, TECLADO EN ESPAÑOL, SO.FREE.    PN 83K10152LM",,2690.0,,https://rymportatiles.com.pe/cdn/shop/files/IDEAPAD-SLIM-3-15IRH10_PORTADA_ba8f4ab8-cb71-40de-8089-75d3bf94f8d4.jpg?v=1774485741&width=1500,SI
6,NOTEBOOKS,"NB LENOVO IDEAPAD SLIM 3 RYZEN 7 - 7735HS 4.75GHz, 16 GB DDR5, SSD 512 GB NVME, OLED 14"" WUXGA (1920x1200),  WCAM, TECLADO EN ESPAÑOL, SO.FREE.    PN 83K600B6LM",,2910.0,,https://www.abc.cl/dw/image/v2/BCPP_PRD/on/demandware.static/-/Sites-master-catalog/default/dwb63bbcbe/images/large/28518340.jpg?sw=1200&sh=1200&sm=fit,SI
7,NOTEBOOKS,"NB HP 250R G10 CORE 7-150U 5.4 GHz , 16GB DDR5, SSD 512 GB, LED 15.6"" HD (1366 x 768), WCAM 720P, TECLADO EN ESPAÑOL, SO. FREE.             PN: D2DX8AT#ABM",,3238.0,,"https://media.falabella.com/falabellaPE/152748653_01/w=1200,h=1200,fit=pad",SI
8,NOTEBOOKS,"NB LENOVO IDEAPAD SLIM 3 15IRH10 CORE I7-13620H 4,9 GHz, 16 GB DDR5, SSD 512 GB NVME, IPS 15.3"" WUXGA (1920x1200),  WCAM, TECLADO EN ESPAÑOL, SO.FREE.    PN 83K101FFLM",,3290.0,,https://oechsle.vteximg.com.br/arquivos/ids/21985089/image-8c995594535c4de8818224a8f8f61912.jpg?v=638924466150400000,SI
9,NOTEBOOKS,"NB LENOVO IDEAPAD SLIM 3 15IRH10 CORE I7-13620H 4,9 GHz, 16 GB DDR5, SSD 512 GB NVME, PANTALLA TÁCTIL IPS 15.3"" WUXGA (1920x1200) ,  WCAM, TECLADO EN ESPAÑOL, SO.FREE.    PN 83K101EVLM",,3450.0,,https://oechsle.vteximg.com.br/arquivos/ids/21985089/image-8c995594535c4de8818224a8f8f61912.jpg?v=638924466150400000,SI
10,NOTEBOOKS,"NB LENOVO GAMING LOQ 15IAX9E CORE I5-12450HX 3,1 GHz, 8GB DDR5, SSD 512GB NVMe, T.VIDEO RTX 3050 6GB, IPS 15.6""  FHD (1920x1080), WCAM 720p, TECLADO EN ESPAÑOL, SO.FREE         PN:83LK00ETLM",,3310.0,,https://microless.com/cdn/products/7fb31e98a392e0a103e91469051903a6-hi.jpg,SI
11,NOTEBOOKS,"NB LENOVO GAMING LOQ 15IAX9 IA CORE I5-12450HX  4.4GHZ ,8GB DDR5, SSD 512GB NVMe, T.VIDEO RTX 3050 6 GB, LED 15.6""  FHD (1920x1080), WCAM 720P, TECLADO EN ESPAÑOL, SO.FREE   PN: 83GS006WLM",,3470.0,,https://s13emagst.akamaized.net/products/65080/65079229/images/res_2db71b6f4e44ac47630225185b84c947.jpg,SI
12,NOTEBOOKS,"NB HP VICTUS 15-FA2035LA CORE I5 - 13420H 4,6 GHz, 8 GB DDR5, SSD 512GB NVMe, T.VIDEO RTX 3050 6 GB, LED 15.6""  FHD (1920x1080), WCAM 720p, TECLADO EN ESPAÑOL, SO.FREE                       PN:D74JMLA#ABM",,3810.0,,https://cdn.cs.1worldsync.com/syndication/feeds/hp/inline-content/M7/7/6/C/F/E/76CFEE1142D0AFB82A2C6F8D8BEB61C355DED501_w_400_hero.png,SI
13,NOTEBOOKS,"NB LENOVO GAMING LOQ 15ARP9 RYZEN 5 - 7235HS 3.2/4.2GHz, 8GB DDR5, SSD 512GB NVMe, T.VIDEO RTX 3050 6 GB, LED 15.6""  FHD (1920x1080), WCAM 1080P, TECLADO EN ESPAÑOL, SO.FREE.              PN:83JC00MJLM",,3990.0,,https://www.expercom.mx/storage/images/Productos/lenovo/83jc007clm/product-82243.jpg,SI
14,NOTEBOOKS,"NB LENOVO GAMING LOQ 15ARP10E RYZEN 7 - 7735HS 4.75GHz, 16 GB DDR5, SSD 512GB NVMe, T.VIDEO RTX 3050 6 GB, LED 15.6""  FHD (1920x1080), WCAM 1080P, TECLADO EN ESPAÑOL, SO.FREE              PN:83S0004HLM",,3998.0,,https://www.backtotheoffice.co.uk/cdn/shop/files/154732e79e85c41ccc8c4f5e0348e0ff.jpg?v=1776754029,SI
15,NOTEBOOKS,"NB LENOVO GAMING LOQ ESSENTIAL 15IRX11 CORE I5 - 13450HX 1,8/3,4 GHz, 16GB DDR5, SSD 512GB NVMe, T.VIDEO RTX 5050 8 GB, LED 15.6""  FHD (1920x1080), WCAM 1080P, TECLADO EN ESPAÑOL, SO.FREE         PN:83SC0055LM",,4690.0,,https://bf1af2.akinoncloudcdn.com/products/2025/11/19/625149/194b6abc-33fe-43a9-baca-91835d80e668_size3840_cropCenter.jpg,SI
16,NOTEBOOKS,"NBG HP OMEN 16 RYZEN 9 8940HX  5.3 GHz , 24GB DDR5, SSD 512 GB, GEFORCE RTX 5060 8 GB GDDR7, LED 15.6"" FHD (1920 x 1200 ), WCAM 720P, TECLADO EN ESPAÑOL, WIN 11.             PN:  D8RD8LA#ABM",,8330.0,,https://gaming-laptops.ge/wp-content/uploads/2025/06/2-5.webp,SI
17,NOTEBOOKS,"NBG HP OMEN 16 RYZEN 9 8940HX  5.3 GHz , 24GB DDR5, SSD 1TB, GEFORCE RTX 5070 8 GB GDDR7, LED 15.6"" FHD (1920 x 1200 ), WCAM 720P, TECLADO EN ESPAÑOL, WIN 11.             PN:  C2DA0LA#ABM",,8610.0,,https://gaming-laptops.ge/wp-content/uploads/2025/06/2-5.webp,SI
18,PROYECTORES,"PROYECTOR HAVIT PJ215 PRO, 250 LUMENS ANSI,  LCD ANDROID-TV, HDMI, USB, SPEAKER",,730.0,12 MESES,https://syrocco.com.py/wp-content/uploads/2024/09/PJ215PRO.jpg,SI
19,PROYECTORES,"PROYECTOR HAVIT PJ216A PRO, 300 LUMENS ANSI,  LCD ANDROID-TV,WIFI, HDMI, USB",,770.0,12 MESES,https://sistemasjunin.com.ar/wp-content/uploads/2025/06/PROYECTOR-HAVIT-PJ216A-PRO-10000-LUMENES-ANDROID-T-1.jpg,SI
20,PROYECTORES,"PROYECTOR HAVIT PJ209A PRO BLANCO 450 LUMENS ANSI,  LCD ANDROID-TV, 1080P WIFI, HDMI, AVC, FHD",,858.0,12 MESES,https://pcya.com.pe/wp-content/uploads/2025/06/HVPJ-PJ209A-PRO-US-WH-1024x1024.png,SI
21,PROYECTORES,"PROYECTOR HAVIT PJ300 PRO NEGRO 550 LUMENS ANSI,  LCD ANDROID-TV, 1080P WIFI, HDMI, AVC, FHD",,1122.0,12 MESES,https://http2.mlstatic.com/D_NQ_NP_648000-MPE104467682642_012026-O.webp,SI
22,PROYECTORES,"PROYECTOR EPSON POWERLITE E24 , PORTATIL, 3.600 LÚMENES, RESOLUCION XGA (1024 x 768), VGA, HDMI, ALTAVOZ 5 W,",,1790.0,12 MESES - EPSON,https://mediaserver.goepson.com/ImConvServlet/imconv/28769c8f889429cb57116b23ebc2a670c2ccdf6a/1200Wx1200H?use=banner&hybrisId=B2C&assetDescr=PowerLite-E24_top-right_690x460@2x,SI
23,PROYECTORES,"PROYECTOR EPSON LIFESTUDIO POP VERDE EF-61G, 700 LÚMENES, RESOLUCION 1080p, BLUETOOTH, HDMI, ALTAVOZ, 20.000 HORAS",,2030.0,12 MESES - EPSON,https://mediaserver.goepson.com/adaptivemedia/rendition?id=51f1130859a7b8d430974e7c81c62130ba87bd14&vid=51f1130859a7b8d430974e7c81c62130ba87bd14&prid=1200Wx1200H&clid=SAPDAM&prclid=banner&assetDescr=EF-61_G_STD_01,SI
24,PROYECTORES,"PROYECTOR EPSON POWERLITE X49 , 3600 LÚMENES, RESOLUCION XGA (1024 x 768), 3.600 LÚMENES, HDMI, USB TIPO A, USB TIPO B, D-SUB 15-PIN, RJ-45, RS-232",,2282.0,12 MESES - EPSON,https://mediaserver.goepson.com/ImConvServlet/imconv/28769c8f889429cb57116b23ebc2a670c2ccdf6a/1200Wx1200H?use=banner&hybrisId=B2C&assetDescr=PowerLite-E24_top-right_690x460@2x,SI
25,ROUTER,"ROUTER TP-LINK TL-WA850RE 300Mbps EXTENSOR DE RANGO WIFI, N300 2X2 MIMO",,67.6,LAK,https://geeksyt.com/wp-content/uploads/2020/05/TL-WA850RE-3.jpg,SI
26,ROUTER,ROUTER TP-LINK WI-FI WR840N 4EN1 AP/ROUTER/WISP/EXT RANGO 300Mbps 2 ANT.,,70.0,LAK,https://static.tp-link.com/TL-WR840N_UN_6.20_02_large_1533103248788w.jpg,SI
27,ROUTER,"ROUTER TP-LINK TL-WA855RE 300Mbps EXTENSOR DE RANGO WIFI, N300 2X2 MIMO",,77.6,LAK,https://down-ph.img.susercontent.com/file/ph-11134207-7qukz-lio5cn4jwdwc97,SI
28,ROUTER,"ROUTER TP-LINK ARCHER C20, WIFI 5 DUAL BAND, AC750, 3 ANTENAS",,111.2,LAK,https://static.tp-link.com/Archer_C20(UN)3.0－960x720px-01_1490594501146s.jpg,SI
29,ROUTER,ROUTER TP-LINK ARCHER C50 DUAL BAND AC1200 4 ANTENAS,,111.2,LAK,https://promart.vteximg.com.br/arquivos/ids/7456881-1000-1000/image-0.jpg?v=638289461510300000,SI
30,ROUTER,"ROUTER MERCUSYS MB115-4G, 300 Mbps SOPORTA HASTA 32 DISPOSITIVOS",,133.6,LAK,https://static.mercusys.com/product-image/MB115-4G_EU_1.0_overview_large20250122034656.jpg,SI
31,ROUTER,ROUTER TP-LINK ARCHER C64 AC1200 DUAL BAND WIFI 4 ANTENAS,,145.6,LAK,https://nanotech-market.com/wp-content/uploads/2023/01/Lime-Green-and-Black-Active-Hype-Personal-Fitness-Coach-Instagram-Post-2023-01-11T181343.033.png,SI
32,ROUTER,ROUTER TP-LINK ARCHER AX12 WiFi6 AX1500 DualBand Gigabit,,151.2,LAK,https://http2.mlstatic.com/D_NQ_NP_878087-MLU72302474246_102023-O.webp,SI
33,ROUTER,"ROUTER TP-LINK ARCHER C80 WIFI5 AC1900 DUALBAND GIGABIT, 4 ANTENAS",,204.0,LAK,https://nanotech-market.com/wp-content/uploads/2022/09/Lime-Green-and-Black-Active-Hype-Personal-Fitness-Coach-Instagram-Post-2023-01-11T172938.190.png,SI
34,ROUTER,ROUTER TP-LINK ARCHER C86 DUALBAND-MESH AC1900 6 ANTENAS,,208.0,LAK,https://www.infotec.com.pe/83025-medium_default/router-tp-link-archer-c86-ac1900-doble-banda-wireless.jpg,SI
35,ROUTER,ROUTER TP-LINK ARCHER AX53 DUAL BAND WI-FI6 AX3000 4 ANTENAS,,266.0,LAK,https://static.tp-link.com/upload/image-line/Overview_AX53_04_large_20220422021145r.jpg,SI
36,ROUTER,ROUTER TP-LINK TL-MR6400 APAC 300Mbps WIFI RANGE EXTENDER,,300.0,LAK,https://static.tp-link.com/TL-MR6400_UN_4.0_04_large_1547775331484c.jpg,SI
37,ROUTER,ROUTER TP-LINK ARCHER BE 220 BE3600 Dual-Band WIFI7 4 ANTENAS 5G,,318.0,LAK,https://static.tp-link.com/upload/image-line/Archer_BE220_US_1.0_overview_01_large_20250214071005f.jpg,SI
38,ROUTER,ROUTER TP-LINK ARCHER AX72 WIFI6 AX5400 DUALBAND GIGABIT,,477.6,LAK,https://hdmultimediaperu.com/wp-content/uploads/2023/08/Archer-AX72-Router-Gigabit-Wi-Fi-6-AX5400-TP-Link.webp,SI
39,NVR,NVR INALAMBRICO HDMI-VGA X5S SOPORTA 8 CAMARAS  5MP HASTA 8TB ALMACENAMIENTO,,174.0,LAK,https://tiendaezviz.com.ar/assets/2025/05/1.webp,SI
40,CAMARAS,"CAMARA EXT. WIFI TP-LINK TAPO C222 PAN/TILT AI HOME SECURITY, 2K QHD, 4MP + RJ45",,134.0,LAK,https://static.tp-link.com/upload/image-line/Tapo_C222_EU_1.0_overview_1_large_20240722025906o.png,SI
41,CAMARAS,"CAMARA EXT. WIFI TP-LINK TAPO C310 2K RESOLUCION, 3MP + RJ45",,150.0,LAK,https://electronia.com.ar/wp-content/uploads/2026/03/1772725921d416ba070caf0f7eaa7291c783288701.jpg,SI
42,CAMARAS,CAMARA EXT. WIFI TP-LINK TAPO C230 PAN/TILT AI HOME SECURITY 3K / 5MP,,150.0,LAK,https://static.tp-link.com/upload/image-line/Tapo_C230_EU_1.0_overview_11_large_20241011012702x.jpg,SI
43,CAMARAS,CAMARA EXT. WIFI-RJ45  EZVIZ CS-H3C RESOLUCIÓN 1080P MAX. 512GB SD,,156.0,LAK,https://media.ldlc.com/r1600/ld/products/00/06/06/36/LD0006063619.jpg,SI
44,CAMARAS,"CAMARA EXT. WIFI TP-LINK TAPO C520WS, 2K/4MP, COLOR NIGHT VISION + RJ45",,206.0,LAK,https://static.tp-link.com/upload/image-line/Tapo_C520WS_EU_1.0_overview_01_large_20230518095424f.jpg,SI
45,CAMARAS,CAMARA EXT. WIFI-RJ45  EZVIZ CS-H8C PoE 3MP RESOLUCION. 2K MAX. 512GB SD,,221.6,LAK,https://promart.vteximg.com.br/arquivos/ids/8429623-1000-1000/image-0.jpg?v=638675680556000000,SI
46,CAMARAS,CAMARA EXT. WIFI-RJ45  EZVIZ CS-H3C 3MP RESOLUCIÓN 2K MAX. 512GB SD,,225.6,LAK,https://productosintegra.com/wp-content/uploads/2020/10/h3c.jpg,SI
47,CAMARAS,"CAMARA EXT. WIFI TP-LINK TAPO C530WS PAN/TILT AI HOME SECURITY 3K / 5MP, VISION NOCTURNA",,226.0,LAK,https://static.tp-link.com/upload/image-line/Tapo_C530WS_EU_2.0_overview_01_large_20241031071947k.jpg,SI
48,CAMARAS,CAMARA EXT. WIFI-RJ45  EZVIZ CS-H8C PRO 3MP RESOLUCIÓN 2K MAX. 512GB SD,,217.2,LAK,https://www.startech.com.bd/image/cache/catalog/ip-camera/ezviz/cs-h8c-pro-5mp/cs-h8c-pro-5mp-01-500x500.webp,SI
49,CAMARAS,CAMARA EXT. WIFI-RJ45  EZVIZ CS-H3C 5MP RESOLUCIÓN 3K MAX. 512GB SD,,241.6,LAK,https://allogy.com.pe/wp-content/uploads/2026/02/h3c-ezviz-5mp-wifi-768x768.jpg,SI
50,CAMARAS,CAMARA EXT. WIFI-RJ45  EZVIZ CS-H8C PRO 5MP RESOLUCIÓN 3K MAX. 512GB SD,,266.0,LAK,https://www.startech.com.bd/image/cache/catalog/ip-camera/ezviz/cs-h8c-pro-5mp/cs-h8c-pro-5mp-01-500x500.webp,SI
51,CAMARAS,"CAMARA EXT. WIFI TP-LINK TAPO C545D C320WS RESOL. QHD 2560*1440, 4MP + RJ45",,266.0,LAK,https://tecnit.com.ec/wp-content/uploads/2026/03/CAMARA-DE-VIGILANCIA-WIFI-PT-DL-TP-LINK-TAPO-C545D-2K-3MP-DOBLE-LENTE-MICRO-SD-AUDIO-EXTERIOR-DIA-Y-NOCHE-IA.png,SI
52,CAMARAS,CAMARA EXT. WIFI-RJ45  EZVIZ CS-H8C PRO 8MP RESOLUCIÓN 4K MAX. 512GB SD,,281.2,LAK,https://www.startech.com.bd/image/cache/catalog/ip-camera/ezviz/cs-h8c-pro-5mp/cs-h8c-pro-5mp-01-500x500.webp,SI
53,CAMARAS,CAMARA EXT. DOBLE WIFI-RJ45 EZVIZ CS-H9C 6MP(3+3) RESOLUCIÓN 2K MAX. 512GB SD,,300.4,LAK,https://alarmas-peru.com/producto/ezviz-h9c-camara-wifi-panoramica-doble-lente-3mp3mp/EZVIZ_H9C_.jpg,SI
54,CAMARAS,CAMARA EXT. DOBLE WIFI-RJ45  EZVIZ CS-H90 8MP(4+4) RESOLUCIÓN. 2K MAX. 512GB SD,,321.6,LAK,https://www.venprotech.com/wp-content/uploads/2024/06/image-1713113484501-600x600.webp,SI
55,CERRADURA INTELIGENTE,CERRADURA  INTELIGENTE EZVIZ CS-DL03,,145.6,LAK,https://tiendaezviz.com.ar/assets/2025/05/DL03-PRO-Cerrojo-inteligente-Wi-Fi-3-1000x1000.webp,SI
56,SWITCH,SWITCH TP-LINK LS1008G 8 PUERTOS GIGABIT LITEWAVE,,82.0,12 M,https://sweetloot.my/wp-content/uploads/2024/11/tp-link-ls1008g-hero.jpg,SI
57,ADAPTADOR BLUETOOTH/HUB,"ADAP TP-LINK UB500 ADAPTADOR BLUETOOTH 5.4, NANO USB ADAPTABLE",,36.0,12 M,https://www.arx.cr/web/image/product.image/221/image_1024/ADAPTADOR+BLUETOOTH+TP-LINK+UB500+5.0+USB-A?unique=414f2c5,SI
58,SWITCH,SWITCH TP-LINK TL-SG1008D 8 PUERTOS GIGABYTE 1730502244,,93.6,12 M,https://static.tp-link.com/TL-SG1008D(UN)8.0-1000X750px_large_1525222099167v.jpg,SI
59,ADAPTADOR BLUETOOTH/HUB,"TP-LINK UC400, ADAPTADOR USB-C 3.0 A USB-A 3.0",,37.6,12 M,https://wp.clutchpoints.com/wp-content/uploads/2026/06/Jordyn-Woods-and-Karl-Anthony-Towns.jpg?resize=1024,SI
60,SWITCH,SWITCH TP-LINK LS108G LiteWave 8-Port,,93.6,12 M,http://www.jumbo-computer.com/cdn/shop/files/51W9QIEPChL._AC_SL1000.jpg?v=1734595873,SI
61,ADAPTADOR BLUETOOTH/HUB,"TP-LINK UE300 ADAPTADOR ETHERNET, USB 3.0, GIGABIT ETHERNET",,51.2,12 M,https://static.tp-link.com/2_large_1557038856362n.jpg,SI
62,SWITCH,"SWITCH TP-LINK TL-SF1048, 48 RJ45 10/100",,453.6,12 M,https://cdn3.centrecom.com.au/images/upload/0212971_0.jpeg,SI
63,ADAPTADOR BLUETOOTH/HUB,"TP-LINK UE300C, ADAPTADOR, RJ45 A USB-C, GIGABIT ETHERNET",,57.6,12 M,https://m.media-amazon.com/images/I/61WzqoHu8dL._AC_.jpg,SI
64,ADAPTADOR BLUETOOTH/HUB,TP-LINK UE330 GIGABIT RJ45 + 3 USB 3.0,,81.6,12 M,https://yajoca.net/yajoca/public/uploads/all/VBIgzGErOF7CHRizB4jLK8kXJK7zPb1C3GjXEX9U.png,SI
65,ADAPTADOR WIFI USB,ADAP TP-LINK TL-WN725N 150MBPS NANO USB ADAPTABLE,,34.8,12 M,https://oechsle.vteximg.com.br/arquivos/ids/15408239-1000-1000/image-a5693ab44c254d0a9391dde37ab66863.jpg?v=638235811661900000,SI
66,ADAPTADOR BLUETOOTH/HUB,"TP-LINK UE330C GIGABIT RJ45 + 3 USB 3.0, USB TIPO C",,84.0,12 M,https://static.tp-link.com/upload/image-line/4_large_20240108090025i.jpg,SI
67,ADAPTADOR WIFI USB,ADAP TP-LINK ARCHER TX1U NANO AX300 NANO WIFI 6 USB ADAPTADOR,,36.0,12 M,https://i.ytimg.com/vi/fuZ4a71OJT4/maxresdefault.jpg,SI
68,ADAPTADOR WIFI USB,ADAP USB WIFI4 WIRELESS TP LINK TL-WN722N 150MBPS G/12M,,50.0,12 M,https://electrogamer.com.ar/wp-content/uploads/2022/05/1058-producto-adaptador-usb-tp-link-tl-wn722n5-7081.jpg,SI
69,KIT 2EN1 TECLADO + MOUSE,KIT 2 EN 1 USB  STANDARD HALION HA-K429C TECL STAND + MOUSE,,56.0,06 M,https://brandlogos.net/wp-content/uploads/2025/04/sbi_life_insurance-logo_brandlogos.net_st8mb.png,SI
70,ADAPTADOR WIFI USB,ADAP. ARCHER T2UB-NANO AC600 BLUETOOTH 4.2,,58.0,12 M,https://static.tp-link.com/upload/image-line/6_large_20220929114257h.png,SI
71,KIT 2EN1 TECLADO + MOUSE,KIT 2 EN 1 USB  MULTIMEDIA HALION HA-K435C TECL STAND + MOUSE,,60.0,06 M,https://oechsle.vteximg.com.br/arquivos/ids/21076847-1000-1000/imageUrl_1.jpg?v=638817811953530000,SI
72,ADAPTADOR WIFI USB,"ADAP TP-LINK ARCHER T3U NANO, ADAPTADOR USB 3.0 WIFI 5 AC1300 DUAL BAND",,75.2,12 M,https://cdn.awsli.com.br/2500x2500/2848/2848496/produto/367056112/adaptador-usb-wi-fi-tp-link-archer-t3u-nano-ac1300-5ghz-57fa7028-xvj0epynpb.jpeg,SI
73,KIT 2EN1 TECLADO + MOUSE,KIT 2EN1 USB  MULTIMEDIA HALION HA-K439C TECL STAND + MOUSE,,60.0,06 M,https://ibinformaticati.com/987-medium_default/kit-teclado-y-mouse-usb-halion-ha-k439c.jpg,SI
74,ADAPTADOR WIFI USB,ADAP TP-LINK ARCHER TX20U NANO AX1800 NANO DUAL BAND WIFI 6 USB,,80.0,12 M,https://down-my.img.susercontent.com/file/sg-11134202-7rcbs-m6kwb0obfg1e18,SI
75,KIT 2EN1 TECLADO + MOUSE,KIT 2 EN 1 USB  MULTIMEDIA HALION HA-K433C TECL STAND + MOUSE,,62.0,06 M,https://oechsle.vteximg.com.br/arquivos/ids/21076847-1000-1000/imageUrl_1.jpg?v=638817811953530000,SI
76,ADAPTADOR WIFI USB,"ADAP TP-LINK TL-WN8200ND ADAPTADOR DE RED USB, 300Mbps, 2WATTS, ALTA POTENCIA",,86.0,12 M,https://static.tp-link.com/TL-WN8200ND_UN_2.0_06_large_1504506962864x.jpg,SI
77,ADAPTADOR WIFI USB,ADAP TP-LINK ARCHER TX35U PLUS AX1800 HIGH GAIN DUAL BAND WIFI 6,,101.6,12 M,https://dinobyte.ar/wp-content/uploads/Adaptador-Wifi-Tp-Link-Archer-TX35U-Plus-AX1800-HG.jpg,SI
78,KIT 2EN1 TECLADO + MOUSE INALAMBRICO,KIT 2 EN 1 WIRELESS  HALION HA-K206W  TECL + MOUSE,,64.0,06 M,https://inertecperu.com/wp-content/uploads/2021/11/KIT-TECLADO-Y-MOUSE-INALAMBRICO-HA-K206W-HALION-3.jpg,SI
79,ADAPTADOR WIFI USB,"ADAP TP-LINK ARCHER TX30U PLUS AX1800, WIFI 6 DUAL ANTENAS, HIGH GAIN",,108.0,12 M,https://static.tp-link.com/upload/image-line/Archer_TX30U_Plus_US_1.0_overview_11_large_20250115120221w.jpg,SI
80,KIT 2EN1 TECLADO + MOUSE INALAMBRICO,KIT 2 EN 1 INALAMBRICO  HAVIT KB278CGM-SP  TECL + MOUSE   NEGRO,,70.0,06 M,https://cdn.shopify.com/s/files/1/0755/1365/9703/files/KB278GCM.jpg?v=1694416019,SI
81,ADAPTADOR WIFI USB,"ADAP TP-LINK ARCHER TX50UH AX3000 HIGH GAIN WIRELESS, DUAL BAND, WIFI 6",,137.6,12 M,https://plazavea.vteximg.com.br/arquivos/ids/29652318-1000-1000/image-0.jpg?v=638639355713770000,SI
82,KIT 2EN1 TECLADO + MOUSE INALAMBRICO,KIT 2 EN 1 INALAMBRICO  HAVIT KB255GCM-SP TECL + MOUSE    NEGRO,,74.0,06 M,https://oechsle.vteximg.com.br/arquivos/ids/24454914-1000-1000/imageUrl_1.jpg?v=639072217988400000,SI
83,KIT 2EN1 TECLADO + MOUSE INALAMBRICO,KIT 2 EN 1 INALAMBRICO  HAVIT KB254GCM-SP  TECL + MOUSE    GREY,,86.0,06 M,https://exitocol.vtexassets.com/arquivos/ids/31902553/kit-teclado-y-raton-inalambrico-havit-kb254gcm-1600-dpi.jpg?v=638997882472230000,SI
84,ADAPTADOR PCI-E,TP-LINK TL-WN781ND TARJETA DE RED 1 ANTENA 150Mbps,,49.6,12 M,https://alcocerti.com/wp-content/uploads/2025/11/4-97.png,SI
85,KIT 2EN1 TECLADO + MOUSE INALAMBRICO,KIT 2 EN 1 INALAMBRICO  HAVIT KB262GCM-SP TECL + MOUSE    NEGRO,,102.0,06 M,https://promart.vteximg.com.br/arquivos/ids/10262174-1000-1000/imageUrl_1.jpg?v=639072506256700000,SI
86,ADAPTADOR PCI-E,TP-LINK TG-3468  ADAPTADOR PCI EXPRESS GIGABIT,,57.6,12 M,https://static.tp-link.com/TG-3468_UN_3.0-02_large_1524475706720m.jpg,SI
87,KIT 2EN1 TECLADO + MOUSE INALAMBRICO,KIT 2 EN 1 INALAMBRICO  HAVIT KB831WB-SP TECL + MOUSE    ROSA/NARANJA-NEGRO,,114.0,06 M,https://highdatapc.com/wp-content/uploads/2025/10/CASE-ATX-GAMER-HALION-FISH-TANK-JUPITER-K04-6-FAN-ARGB-BLANCO-5.png,SI
88,ADAPTADOR PCI-E,"TP-LINK TL-WN881ND TARJETA DE RED PCIE, 2 ANTENAS, 300Mbps",,61.6,12 M,https://static.tp-link.com/TL-WN881ND_UN_2.0_01_large_1507530821899a.jpg,SI
89,KIT 2EN1 TECLADO + MOUSE INALAMBRICO,KIT 2 EN 1 INALAMBRICO  HAVIT KB832GCM-SP  TECL + MOUSE    RAINBOW,,118.0,06 M,https://promart.vteximg.com.br/arquivos/ids/9701834-1000-1000/imageUrl_1.jpg?v=638992155148370000,SI
90,ADAPTADOR PCI-E,"TP-LINK TX201 2.5 GIGABIT, PCIe 2.1 X1 NETWORK ADAPTER InclLowProwfile",,80.0,12 M,https://pckuwait.com/wp-content/uploads/2024/03/tx201.jpg,SI
91,KIT 2EN1 TECLADO + MOUSE INALAMBRICO,KIT 2 EN 1 INALAMBRICO  HAVIT KB832GCM-SP  TECL + MOUSE    STARLIGHT,,120.0,06 M,https://rimage.ripley.com.pe/home.ripley/Attachment/MKP/2135/PMP20000241526/imagen2-1.jpeg,SI
92,ADAPTADOR PCI-E,TP-LINK TX55E ADAPTADOR PCIe AX3000 WIFI 6 BLUETOOTH,,152.0,12 M,https://static.tp-link.com/upload/image-line/Archer_TX55E_overview_02_large_20220512100653e.jpg,SI
93,KIT 2EN1 TECLADO + MOUSE INALAMBRICO,KIT 2 EN 1 INALAMBRICO  HAVIT KB830W-SP  TECL + MOUSE    BLANCO-ROJO-AZUL,,126.0,06 M,https://sercoplus.com/72087-large_default/kit-teclado-y-mouse-havit-kb830w-sp-ina.jpg,SI
94,PROCESADOR INTEL 10MA - 11VA - 12VA GEN,"CPU ULTRA 5 225 5,30 GHz / 30 MB CACHE    (GRAFICOS INTEGRADOS)",,862.0,36 M,https://tecnogame.ec/wp-content/uploads/2025/11/Ultra-5-225.jpg,SI
95,KIT 2EN1  GAMER  TECLADO + MOUSE,"KIT 2 EN1 USB GAMER HALION DRACO 518C, TECL + MOUSE",,84.0,06 M,https://http2.mlstatic.com/D_NQ_NP_928126-MPE52218586616_102022-O.webp,SI
96,PROCESADOR INTEL 10MA - 11VA - 12VA GEN,11VA GEN CPU CI5 -11400F 2.60 TO 4.4 GHZ / 12M CACHE    (SIN GRAFICOS INTEGRADOS),,682.0,36 M,https://mlp8wcot7s0p.i.optimole.com/w:1280/h:1916/q:mauto/f:best/https://www.lusancomp.com/wp-content/uploads/2024/01/Procesador-i5.png,SI
97,KIT 2EN1  GAMER  TECLADO + MOUSE,"KIT 4 EN1 USB GAMER HALION MERCURY HA-404C, TECL + MOUSE+ AURI + PAD",,98.0,06 M,https://smarttech.com.pe/5670-large_default/kit-halion-mercury-ha-404c-4-en-1-gamer-teclado-mouse-auricular-pad.jpg,SI
98,PROCESADOR INTEL 10MA - 11VA - 12VA GEN,12VA  GEN CPU CI5 -12400F 2.5 TO 4.4GHZ / 18M CACHE     (SIN GRAFICOS INTEGRADOS),,722.0,36 M,https://tienda.microlider.com.py/wp-content/uploads/2022/08/INTEL-CI5-12400F-1.png,SI
99,KIT 2EN1  GAMER  TECLADO + MOUSE,"KIT 4 EN1 USB GAMER HALION LOTUS HA-K430C, TECL + MOUSE+ AURI + PAD",,102.0,06 M,https://media.falabella.com/falabellaPE/150423515_01/public,SI
100,PROCESADOR INTEL 10MA - 11VA - 12VA GEN,12VA  GEN CPU OEM CI5 -12400 2.5 TO 4.4GHZ / 18M CACHE   (GRAFICOS INTEGRADOS),,910.0,36 M,https://ninjahardwarecr.com/wp-content/uploads/2024/07/descarga-2024-07-22T164039.886.jpeg,SI
101,KIT 2EN1  GAMER  TECLADO + MOUSE,"KIT 2 EN1 USB MECANICO GAMER HALION PEGASO HA-861C , TECL + MOUSE",,114.0,06 M,https://www.peru-smart.com/wp-content/uploads/2026/01/TECL1014NEGRO_0-600x600.jpg,SI
102,PROCESADOR INTEL 10MA - 11VA - 12VA GEN,12VA  GEN CPU CI5 -12400 2.5 TO 4.4GHZ / 18M CACHE   (GRAFICOS INTEGRADOS),,990.0,36 M,https://ninjahardwarecr.com/wp-content/uploads/2024/07/descarga-2024-07-22T164039.886.jpeg,SI
103,PROCESADOR INTEL 10MA - 11VA - 12VA GEN,"CPU ULTRA 7 265 5,30 GHz / 30 MB CACHE    (GRAFICOS INTEGRADOS)",,1750.0,36 M,http://quickinformatica.net/cdn/shop/files/proc-intel-ultra-7-265-3-9hz-20cores-20hilos-bx80768265-tcws-2_1200x1200.png?v=1764776510,SI
104,"TECLADO, TECLADO GAMER, TECLADO INALAMBRICO",TECLADO MULTIMEDIA ENK100 STONE,,42.0,06 M,http://enkore.pe/cdn/shop/files/TECLADOFRONTALENKOREROYALE2700x2700copiaicon.webp?v=1712336938,SI
105,"TECLADO, TECLADO GAMER, TECLADO INALAMBRICO",TECLADO GAMER AVANTY MIC K710-R,,66.0,06 M,https://www.impulso.pe/imagenes/galeria/productos/27042-impulso-informatico.webp,SI
106,MOTHERBOARD INTEL,"12 /13VA MSI PRO H610M-S SOP 64GB DDR4 HDMI, SSD SATA, PCIe M.2, 1  PCIE X16, 1-PCIE X1",,284.0,36 M,https://ecommerce.datablitz.com.ph/cdn/shop/files/bdfbfdzx_1024x.jpg?v=1713776082,SI
107,"TECLADO, TECLADO GAMER, TECLADO INALAMBRICO",TECLADO MECANICO HALION ASGARD HA-KG941 RAINBOW,,110.0,06 M,https://www.gamervision.com.pe/prax-archivos/gamervision/productos/1035_1cd35a89971.gif,SI
108,MOTHERBOARD INTEL,"12 /13VA ASUS H610M-F SOP 64GB DDR4 HDMI, SSD SATA, PCIe M.2, 1  PCIE X16, 1-PCIE X1",,326.0,36 M,https://www.nnet.com.uy/imgs/productos/productos34_190228.jpg,SI
109,"TECLADO, TECLADO GAMER, TECLADO INALAMBRICO",TECLADO MECANICO HALION ENIGMA HA-KG912,,114.0,06 M,https://hca.pe/storage/media/8zjWwc5at1uu2fiB2TfHfZVHdlIYi2nRdpJ0Nxhh.png,SI
110,MOTHERBOARD INTEL,"12 /13VA ASUS H610M-K SOP 96GB DDR5 VGA,HDMI, SSD SATA,  M.2",,322.0,36 M,https://phucanhcdn.com/media/product/58692_mainboard_asus_da_h610m_k_csm_4.jpg,SI
111,MOTHERBOARD INTEL,"CORE ULTRA GIGABYTE H810M-K SOP 128 GB DDR5 DP,HDMI, SSD SATA,  M.2",,402.0,36 M,https://www.gigabyte.com/FileUpload/Global/KeyFeature/3914/innergigabyte/images/product/summary.png,SI
112,MOUSE INALAMBRICO,"MOUSE WIRELESS SCRIPT3 CYB M305-3M BLACK 2.4 GHz, DPI 1200 WIFI+BT",,32.0,03M,https://www.impulso.pe/imagenes/galeria/productos/22401-impulso-informatico.webp,SI
113,MOTHERBOARD INTEL,"12 /13VA/14VA MSI PRO B760M-A WIFI SOP 256 GB, DDR5, HDMI, DP, M.2",,610.0,36 M,https://asset.msi.com/resize/image/global/product/product_167273681482e9049e4d9ee993942210c4d678d49f.png62405b38c58fe0f07fcef2367d8a9ba1/600.png,SI
114,MOUSE INALAMBRICO,MOUSE WIRELESS CYB PRINTED M309 2.4 GHz,,32.0,03M,https://rebajasperu.com/imagenes/mouse-inalambrico-cybertel-printed-m309.jpg,SI
115,MOTHERBOARD INTEL,"12 /13VA/14VA MSI GAMING B760M WIFI SOP 192 GB, DDR5, HDMI, DP, M.2",,654.0,36 M,https://asset.msi.com/resize/image/global/product/product_1698893522318a263764f2e643b0e38294b6324baf.png62405b38c58fe0f07fcef2367d8a9ba1/600.png,SI
116,MOUSE INALAMBRICO,MOUSE WIRELESS CYB STARRY CYB M322 2.4 GHz,,32.0,03M,https://www.impulso.pe/imagenes/galeria/productos/25000-impulso-informatico.webp,SI
117,MOTHERBOARD INTEL,"12 /13VA ASUS TUF GAMING B760M-BTF WIFI SOP 192 GB, DDR5, HDMI, M.2",,850.0,36 M,https://tech4gamers.com/wp-content/uploads/2023/03/ASUS-TUF-Gaming-B760M-BTF-WiFi-D4.jpg,SI
118,MOUSE INALAMBRICO,MOUSE WIRELESS TEROS TE-1230CS,,36.0,03M,https://m.media-amazon.com/images/I/61YQeAUIboL._AC_.jpg,SI
119,MOUSE INALAMBRICO,"MOUSE WIFI + BT LOTUS MIC M728-3M  2.4 GHz, DPI 1600 RECARGABLE",,38.0,03M,https://www.impulso.pe/imagenes/galeria/productos/20682-impulso-informatico.webp,SI
120,MOTHERBOARD AMD,"GIGABYTE A520M - K V2, SOP 64GB, DDR4",,262.0,36 M,https://ddtech.mx/assets/uploads/f6bf4c3adaaf7a871dfdb673005d154b.png,SI
121,MOUSE INALAMBRICO,"MOUSE WIRELESS  WIFI + BT CYCLONE CYB M500B BLUE,  RECARGABLE",,38.0,03M,https://grupolacume.com.pe/8229-large_default/mouse-cybertel-cyclone-white-cyb-m500-3m-bluetooth-y-wireless.jpg,SI
122,MOTHERBOARD AMD,"ASUS A520M - K  SOP 64GB, DDR4",,274.0,36 M,https://imagenes.deltron.com.pe/images/productos/on-line/items/large/mb/as/mbasa520m-k.jpg,SI
123,MOUSE INALAMBRICO,"MOUSE WIRELESS CYB PHOENIX, DARK/GREY  RECARGABLE",,38.0,03M,https://plazavea.vteximg.com.br/arquivos/ids/28302999-1000-1000/imageUrl_1.jpg?v=638351629113730000,SI
124,MOUSE INALAMBRICO,"MOUSE WIRELESS  WIFI + BT IPANEMA CYB M501K-3M, RECARGABLE",,36.0,03M,https://rimage.ripley.com.pe/home.ripley/Attachment/MKP/5268/PMP20001018968/imagen2-1.jpeg,SI
125,MEMORIAS DIMM PC DDR4,SODIMM P/LAPTOP DDR4 8GB/B2666 HP,,222.0,24 M,http://ddtech.mx/assets/productos/RAM-HP-S1-8GB-2666MHZ-7EH98AA-ABM/RAM-HP-S1-8GB-2666MHZ-7EH98AA-ABM.jpg,SI
126,MOUSE INALAMBRICO,MOUSE GAMER USB SKINNER HA-M408  RGB 7B,,36.8,06 M,https://www.sortelperu.com/4867-large_default/mouse-gamer-halion-skinner-ha-m408-rgb-7b.jpg,SI
127,MEMORIAS DIMM PC DDR4,MEMO PC DIMM DDR4 8GB B3200 XPG GAMMIX D35,,350.0,24 M,https://partesinformaticas.com/wp-content/uploads/2022/08/d30.jpg,SI
128,MOUSE INALAMBRICO,"MOUSE WIFI + BT GODART MIC M706-3M  2.4 GHz, DPI 1600 RECARGABLE",,40.0,03M,https://www.impulso.pe/imagenes/thumb/productos/9126-impulso-informatico.webp,SI
129,MEMORIAS DIMM PC DDR4,MEMO PC DIMM DDR4 8GB B3200 KINGSTON,,390.0,24 M,https://microglobalpromos.com.ar/2022/img/082022/KCP432NS6-8_1.jpg,SI
130,MOUSE INALAMBRICO,"MOUSE WIFI + BT THUNDER EKM501, DPI 1600 RECARGABLE",,44.0,03M,https://media.falabella.com/falabellaPE/148970377_01/public,SI
131,MOUSE INALAMBRICO,MOUSE  WIRELESS ACER L175S-H     (BLANCO/NEGRO),,44.0,03M,https://rimage.ripley.com.pe/home.ripley/Attachment/MKP/2131/PMP20001128040/imagen2-1.jpeg,SI
132,HDD/SSD EXTERNO,HDD EXTERNO TOSHIBA 1TB CANVIO READY USB 3.0,,350.0,12M,https://media.ldlc.com/r1600/ld/products/00/05/75/17/LD0005751798_1.jpg,SI
133,MOUSE INALAMBRICO,"MOUSE  WIRELESS ACER MR213, RECARGABLE",,48.0,03M,https://chedrauimx.vtexassets.com/arquivos/ids/70437067/9999918660561_01.jpg?v=639156130166800000,SI
134,HDD/SSD EXTERNO,HDD EXTERNO TOSHIBA 2TB CANVIO BASIC USB 3.0,,458.0,12M,https://plazavea.vteximg.com.br/arquivos/ids/1057237-1000-1000/image-5acde1619c2d435e8486ced34811b41d.jpg?v=637499794975500000,SI
135,MOUSE INALAMBRICO,MOUSE HP WIRELESS MOUSE 150  BLACK,,52.0,03M,https://nanotech-market.com/wp-content/uploads/2025/10/PRODUCTOS-NANOTECH-2025-10-02T171004.338.png,SI
136,MOUSE INALAMBRICO,MOUSE HP WIRELESS MOUSE 200  BLACK/SILVER,,52.0,03M,https://co-media.hptiendaenlinea.com/catalog/product/cache/b3b166914d87ce343d4dc5ec5117b502/X/6/X6W31AA-1_T1679079946.png,SI
137,"SSD SATA 2.5""","SSD 2.5""  SATA ADATA SU650 256GB L: 520 MB/S - E: 450 MB/S MAX",,202.0,36M,https://webapi3.adata.com/storage/product/p_su650_480gb.png,SI
138,MOUSE INALAMBRICO,"MOUSE GAMER WIRELESS ACER OMR210 6BOT DPI 7200, RECARGABLE  (BLANCO/NEGRO)",,62.0,03M,https://alphatechnology.com.pe/wp-content/uploads/2026/02/a1-16.webp,SI
139,"SSD SATA 2.5""","SSD 2.5""  SATA PNY CS900 250GB L: 535  MB/S - E: 500  MB/S MAX",,234.0,36M,https://cyberdeals.lk/product/pny-cs900-2-5-250gb-sata-iii-ssd/2-42-7.jpg,SI
140,MOUSE INALAMBRICO,"MOUSE GAMER WIRELESS MIC RANGER RX M822X  7 BOT DPI 4800, RECARGABLE",,64.0,03M,https://rimage.ripley.com.pe/home.ripley/Attachment/MKP/766/PMP20000320493/full_image-1.png,SI
141,"SSD SATA 2.5""","SSD 2.5"" SATA BIWIN M100 512GB L: 550 MB/S - E: 500 MB/S MAX",,282.0,36M,https://songphuong.vn/Content/uploads/2025/11/SSD-Biwin-M100-512GB-Song-Phuong-3.webp,SI
142,MOUSE INALAMBRICO,"MOUSE GAMER WIRELESS MIC KRIPTON GM801W-3M 7 BOT DPI 4800, RECARGABLE",,66.0,03M,https://www.impulso.pe/imagenes/galeria/productos/27082-impulso-informatico.webp,SI
143,"SSD SATA 2.5""","SSD 2.5"" SATA ADATA SU650 512GB L: 520 MB/S - E: 450 MB/S MAX",,350.0,36M,https://webapi3.adata.com/storage/product/p_su650_480gb.png,SI
144,MOUSE INALAMBRICO,"MOUSE  WIRELESS TEROS TE-1250AI, 8 BOT, 3200 DPI USB BT",,66.0,03M,https://m.media-amazon.com/images/I/61YQeAUIboL._AC_.jpg,SI
145,"SSD SATA 2.5""","SSD 2.5""  SATA HP S650 480GB L560 MB/S - E: 490 MB/S MAX",,362.0,36M,"https://imagedelivery.net/4fYuQyy-r8_rpBpcY7lH_A/falabellaPE/132928288_01/w=800,h=800,fit=pad",SI
146,"SSD SATA 2.5""","SSD 2.5""  SATA WD GREEN 480GB L:545 MB/s - E: 430 MB/s MAX",,370.0,36M,https://www.static-src.com/wcsstore/Indraprastha/images/catalog/full/MTA-65233566/western_digital_wd_green_480gb_sata_ssd_2-5-inch_7mm_cased_hardisk_internal_full05_qn4le0gq.jpeg,SI
147,MOUSE BASICOS Y GAMER,MOUSE USB HALION LANCER HA-M813,,24.0,06 M,https://www.distribuidoranavarrete.com.pe/wp-content/uploads/03030074.webp,SI
148,"SSD SATA 2.5""","SSD 2.5""  SATA KINGSTON SA400 480GB   L:500 MB/s - E: 450 MB/s MAX",,386.0,36M,https://down-my.img.susercontent.com/file/cn-11134207-7ras8-mal08hrtr9x9a5,SI
149,MOUSE BASICOS Y GAMER,"MOUSE USB TEROS TE-1243S, 2000 DPI",,24.0,06 M,"https://imagedelivery.net/4fYuQyy-r8_rpBpcY7lH_A/falabellaPE/137838443_01/w=800,h=800,fit=pad",SI
150,"SSD SATA 2.5""","SSD 2.5""  SATA WD GREEN 1TB L:545 MB/s - E: 545 MB/s MAX",,550.0,36M,https://images.tcdn.com.br/img/img_prod/313499/ssd_wd_green_1tb_sata_iii_2_5_leitura_545mbs_e_gravacao_550mbs_wds100t3g0a_17289_1_fb435e52d37f442b20a03dee1f52b30c.jpg,SI
151,MOUSE BASICOS Y GAMER,MOUSE USB ACER OMW316                NEGRO/BLANCO,,26.0,06 M,http://www.kimstore.com/cdn/shop/files/acer_omw316_bk_wired_mouse_black.png?v=1764575952,SI
152,MOUSE BASICOS Y GAMER,MOUSE USB ENK CITIZEN - EKM 101,,26.0,06 M,https://enkore.pe/cdn/shop/files/CITIZEN-EKM-101-FLYER.webp?v=1755534052&width=416,SI
153,SSD M.2 NVME,SSD M.2 PCIE GEN4 WD SN3000 500GB NVME L:5000 MB/s - E:4100 MB/s,,438.0,36 M,https://mygear.io.vn/media/product/250-8158-o-cung-ssd-wd-green-sn3000-500gb-m2-pcie-gen4-nvme-wds500g4g0e.jpg,SI
154,MOUSE BASICOS Y GAMER,MOUSE USB ENK SAVAGE - EKM 106,,28.0,06 M,https://www.eccom.pe/wp-content/uploads/2023/10/Mouse-Enkore-Savage-EKM-1024x1024.jpg,SI
155,SSD M.2 NVME,"SSD M.2 PCIE GEN3 X4 TEAMGROUP MP33 1TB NVME, L:1800 MB/s - E:1500 MB/s",,686.0,36 M,https://m.media-amazon.com/images/I/51W5aZlKQeL._AC_.jpg,SI
156,MOUSE BASICOS Y GAMER,"MOUSE USB ENK BRAVIO EKM313, 6B 3600DPI",,28.0,06 M,https://www.cimaplix.com/prax-archivos/cimaplix/productos/314_6d5cfb78d72.png,SI
157,SSD M.2 NVME,"SSD M.2 PCIE GEN4 X4 KINGSTON NV3  1TB NVME, L:6000 MB/s - E:4000 MB/s",,690.0,36 M,https://down-br.img.susercontent.com/file/br-11134207-7r98o-mccvhde40ogw55,SI
158,MOUSE BASICOS Y GAMER,"MOUSE USB ENK ACTIVE EKM300, 6B 3600DPI",,28.0,06 M,https://apqenlinea.com/wp-content/uploads/2025/09/MOUSE-GAMER-ENKORE-ACTIVE-EKM300.jpeg,SI
159,MOUSE BASICOS Y GAMER,MOUSE USB CYB THOR - M100K,,29.6,06 M,https://www.jicar.com.pe/prax-archivos/jicar/productos/fee07f34211.jpg,SI
160,TARJETA DE VIDEO,T. VIDEO MSI NVIDIA N210 - 1GB /DDR3 DVI/ HDMI/ D-SUB,,210.0,36 M,https://shop.pchconnect.com/storage/catalog/product/816909074901-M-0.webp,SI
161,MOUSE BASICOS Y GAMER,MOUSE USB HALION AVENGER MINI HA-M480 RETRACTIL  ROJO/BLANCO,,30.0,06 M,https://http2.mlstatic.com/D_NQ_NP_831312-MPE79869863214_102024-O-mouse-halion-avenger-mini-ha-m480-retractil.webp,SI
162,TARJETA DE VIDEO,"T.VIDEO MSI GEFORCE  RTX 3050 LP OC 6GB  GDDR6, HDMI, DISPLAYPORT, 96 BITS",,1010.0,36 M,https://m.media-amazon.com/images/I/71Z9DLS29FL._AC_.jpg,SI
163,MOUSE BASICOS Y GAMER,MOUSE USB ENK ACCESS - EKM 134. 1200DPI,,32.0,06 M,https://enkore.pe/cdn/shop/files/ACCESS-EKM-134-FLYERcopia.webp?v=1755615603&width=416,SI
164,TARJETA DE VIDEO,"T.VIDEO ASUS DUAL  RTX 5050 8GB GDDR6, HDMI, DISPLAYPORT, 128 BITS",,1570.0,36 M,https://compumundostore.com/wp-content/uploads/2026/03/asus-5050-rtx-937x937.png,SI
165,MOUSE BASICOS Y GAMER,"MOUSE USB HALION HA-M853 DISEÑO CONEJITO, GATITO, PERRITO",,32.0,06 M,https://production-tailoy-repo-magento-statics.s3.amazonaws.com/imagenes/872x872/productos/i/m/o/mouse-halion-ha-m853-conejo-38301-default-1.jpg,SI
166,TARJETA DE VIDEO,"T.VIDEO MSI GEFORCE RTX 5060 8GB GDDR7 SHADOW 2X OC, HDMI, DISPLAYPORT, 128 BITS",,1942.0,36 M,https://asset.msi.com/resize/image/global/product/product_1744958450b2cea19d2a536b946dca79b6b9fef70a.png62405b38c58fe0f07fcef2367d8a9ba1/1024.png,SI
167,MOUSE BASICOS Y GAMER,"MOUSE USB HALION HA-M202 DISEÑO GATO , LEON, OSO PARDO",,32.0,06 M,https://www.cimaplix.com/prax-archivos/cimaplix/productos/119_55326851ac1.jpg,SI
168,TARJETA DE VIDEO,"T.VIDEO GIGABYTE GEFORCE RTX 5060 TI EAGLE OC 8GB DDR7, HDMI, DISPLAYPORT, 128 BITS",,2030.0,36 M,https://media.ldlc.com/r1600/ld/products/00/06/23/77/LD0006237785.jpg,SI
169,MOUSE BASICOS Y GAMER,MOUSE USB TOKIO HA-M607 RGB 6B,,38.8,06 M,https://credicomp.com/wp-content/uploads/2025/07/MOUSE-GAMER-HALION-TOKIO-HA-M607-RGB-6B-600x600.jpg,SI
170,MOUSE BASICOS Y GAMER,MOUSE GAMER USB HALION WING HA-M935 RGB 6B,,48.0,06 M,https://credicomp.com/wp-content/uploads/2025/11/Mouse-Gamer-Halion-M935-Wing-RGB-6-Botones-7200dpi.jpg,SI
171,CASES SLIM CON FUENTE,CASE ATX 230W/600W CYB SLYM C1005,,114.0,12 M,https://www.blueplanet-tec.com/wp-content/uploads/2020/07/CYB-C1005_5.jpg,SI
172,MOUSE BASICOS Y GAMER,MOUSE GAMER USB HALION MAGIC HA-M544 RGB 6B,,48.0,06 M,https://www.sortelperu.com/4881-large_default/mouse-gamer-halion-magic-ha-m544-rgb.jpg,SI
173,MOUSE BASICOS Y GAMER,"MOUSE GAMER USB MIRAGE MIC GM892-3M, 7B, 4800DPI",,62.0,06 M,https://rebajasperu.com/imagenes/mouse-gamer-micronics-mirage-3-mic-gm892-3m-bt-wifi-recargable-usb-c-7b-4800dpi-empaque.jpg,SI
174,CASES BASICOS CON FUENTE,"CASE ATX 230W/600W ENKORE ULTRA ENC1001 , FAN 8 CM",,90.0,12 M,https://fabritec.pe/assets/media/producto/913-ULTRA-ENC-1001-2.jpg,SI
175,MOUSE BASICOS Y GAMER,"MOUSE GAMER USB ANONIMUS MIC GM859,7B, 7200DPI",,62.0,06 M,https://www.blueplanet-tec.com/wp-content/uploads/2020/06/MIC-GM859-_2.jpg,SI
176,CASES BASICOS CON FUENTE,CASE ATX 230W/600W  DATAONE OMEGA T25,,98.0,12 M,https://grupolacume.com.pe/10295-large_default/case-dataone-omega-t25-600w-micro-atx.jpg,SI
177,CASES BASICOS CON FUENTE,"CASE ATX 230W/600W  DATAONE STAR 508, BANDA RGB",,108.0,12 M,https://fabritec.pe/assets/media/producto/2075-14.jpg,SI
178,PAD MOUSE BASICOS Y GAMER,PAD MOUSE TEROS TE-3019 BK,,24.0,03 M,https://megasurco.com/wp-content/uploads/2026/02/PAD-MOUSE-TEROS-TE-3019-BK.jpg,SI
179,CASES BASICOS CON FUENTE,CASE ATX 230W/600W  FORTEX ENK 2002,,112.0,12 M,https://www.impulso.pe/imagenes/galeria/productos/27069-impulso-informatico.webp,SI
180,PAD MOUSE BASICOS Y GAMER,PAD MOUSE SIGMA X55 NEGRO CON MUÑEQUERA,,30.0,,https://http2.mlstatic.com/D_NQ_NP_852719-MPE84616407397_052025-O.webp,SI
181,PAD MOUSE BASICOS Y GAMER,PAD MOUSE SIGMA X6 NEGRO CON MUÑEQUERA,,32.0,,https://informaticadataplus.pe/wp-admin/admin-ajax.php?action=rank_math_overlay_thumb&id=40907&type=dataplus&hash=ec0232d53f64f908f874db7c0c732438,SI
182,CASES GAMER CON FUENTE,"CASE GAMER 350W HALION BULL 5516, LNEA RGB, 1-FAN LED ROJO, VIDRIO TEMPL LAT, USB 3.0",,190.0,12 M,https://alphatechnology.com.pe/wp-content/uploads/2024/09/a1-275.jpg,SI
183,PAD MOUSE BASICOS Y GAMER,PAD MOUSE GAMER X833 BLUE,,38.0,,https://grupocyc.pe/19642-large_default/pad-mouse-gamer-micronics-machine-x833-blue-300mm-x-800mm-x-3mm.jpg,SI
184,CASES GAMER CON FUENTE,"CASE GAMER 550W HALION RAGNAROK 323, 4-FAN ARGB,  VIDRIO TEMPL LAT, USB 3.0",,194.0,12 M,"https://media.falabella.com/falabellaPE/147458413_01/w=800,h=800,fit=pad",SI
185,PAD MOUSE BASICOS Y GAMER,PAD MOUSE GAMER X940B BLUE PHOENIX,,42.0,,https://http2.mlstatic.com/D_NQ_NP_705245-MPE103015734871_122025-O.webp,SI
186,CASES GAMER CON FUENTE,"CASE GAMER 500W HALION DRAGON CR15, 4-FAN RAINBOW,  VIDRIO TEMPL LAT, USB 3.0",,202.0,12 M,https://hca.pe/storage/media/DWsFeVE2FSNNNO78XAjDAHJSjc18XPnwiEwXUAXY.png,SI
187,PAD MOUSE BASICOS Y GAMER,PAD MOUSE GAMER FX108 RGB,,50.0,,https://fabritec.pe/assets/media/producto/2717-PAD-MOUSE-CYBERTEL-GAMING-CBX-FX108-(-CBX-FX108-)--2.jpg,SI
188,CASES GAMER CON FUENTE,"CASE GAMER 600W HALION SPARTA 844 , 4-FAN RGB VIDRIO TEMPL LAT, USB 3.0",,254.0,12 M,https://compugamer.pe/wp-content/uploads/2025/09/Mesa-de-trabajo-1-15.jpg,SI
189,PAD MOUSE BASICOS Y GAMER,PAD MOUSE GAMER MP-15 RGB,,58.0,03 M,https://wildheroperu.com/wp-content/uploads/2024/07/Pad-Mouse-Gamer-Rgb-Iluminado-Usb-Plug-3.jpg,SI
190,CASES GAMER SIN FUENTE,"CASE GAMER GAMEMAX MINI ABYSS H608 ARGB USB 3.0,  USB 2.0",,158.0,12 M,https://www.deffo.com.ar/wp-content/uploads/2023/09/Mini-Abyss-H608-5-600x600.webp,SI
191,PARL 2.0 Y 2.1 SUB WOOFER,PARL 2.0 HALION HA-S12,,34.0,06 M,https://rimage.ripley.com.pe/home.ripley/Attachment/MKP/3808/PMP20000724284/imagen6-1.jpeg,SI
192,CASES GAMER SIN FUENTE,"CASE GAMER  HALION TITAN 107 4FAN ARGB, VIDRIO TEMPL LAT, USB 3.0",,162.0,12 M,https://rayotec.pe/wp-content/uploads/2025/12/titan-107-1.jpg,SI
193,PARL 2.0 Y 2.1 SUB WOOFER,PARL. 2.1  SPECTRUM CBX S303 USB RGB,,42.0,06 M,https://http2.mlstatic.com/D_NQ_NP_961915-MPE111918121743_052026-O.webp,SI
194,CASES GAMER SIN FUENTE,"CASE GAMER  HALION TITAN 108 4FAN ARGB, VIDRIO TEMPL LAT, USB 3.0",,164.0,12 M,https://www.ydcomputer.com/4274-large_default/case-atx-halion-gamer-titan-108-vidrio-4x12-argb-blank-usb30-sin-fuente.jpg,SI
195,PARL 2.0 Y 2.1 SUB WOOFER,PARL. 2.1  EXXPERT CBX S301 USB RGB,,46.0,06 M,https://importacioneshibrida.com/wp-content/uploads/2025/08/CBX-S301.jpg,SI
196,CASES GAMER SIN FUENTE,"CASE GAMER  HALION TRITON C02 4FAN ARGB, VIDRIO TEMPL LAT, USB 3.0",,194.0,12 M,https://alphatechnology.com.pe/wp-content/uploads/2026/04/A1-38.webp,SI
197,PARL 2.0 Y 2.1 SUB WOOFER,PARL. 2.1  AVANTY MIC S321 USB RGB,,50.0,06 M,https://http2.mlstatic.com/D_NQ_NP_762205-MPE93312932381_092025-O-parlante-micronics-avanty-mic-s321-parlante-20-rgb-2.webp,SI
198,CASES GAMER SIN FUENTE,"CASE GAMER  HALION FISH TANK ZEUS M04 4FAN ARGB, VIDRIO TEMPL LAT, USB 3.0",,198.0,12 M,https://i.ytimg.com/vi/gKe7gpdj93Q/maxresdefault.jpg?sqp=-oaymwEmCIAKENAF8quKqQMa8AEB-AH-CYAC0AWKAgwIABABGEcgVChyMA8=&rs=AOn4CLBfpBXdqecQRSb6YUUbOaa0vgHlGQ,SI
199,PARL 2.0 Y 2.1 SUB WOOFER,PARL. 2.1  CORSAIR MIC S309 USB RGB,,54.0,06 M,https://guyanachronicle.com/wp-content/uploads/elementor/thumbs/benab16-ne88x1t3nlg4uow2p3wsggxb262qojr41ug5xwgvla.jpg,SI
200,CASES GAMER SIN FUENTE,"CASE GAMER  HALION FISH TANK C708 6FAN ARGB, VIDRIO TEMPL LAT, USB 3.0",,234.0,12 M,https://alphatechnology.com.pe/wp-content/uploads/2025/07/a5-21.webp,SI
201,PARL 2.0 Y 2.1 SUB WOOFER,PARL 2.0 HALION HA-S266 DIAMANTE,,50.0,06 M,https://www.grupomarvo.pe/prax-archivos/grupomarvo/productos/84d8ac1f211.png,SI
202,CASES GAMER SIN FUENTE,"CASE GAMER GAMEMAX KREATOR 3FAN VIDRIO TEMPL LAT, USB 3.0,  USB 2.0",,257.6,12 M,https://www.aliescooper.com/wp-content/uploads/2024/02/ALIESCOOPER-CASE-GAMING-GAMEMAX-KREATOR-ARGB-VIDRIO-TEMPLADO.jpg,SI
203,PARL 2.0 Y 2.1 SUB WOOFER,PARL 2.0 HALION HA-S260,,50.0,06 M,https://www.eccom.pe/wp-content/uploads/2023/11/PARLANTE-HA-S260-1.jpg,SI
204,CASES GAMER SIN FUENTE,"CASE GAMER HALION LUMIA COVE 6XARGB   6FAN VIDRIO TEMPL LAT Y FRONT, USB 3.0,  USB 2.0",,350.0,12 M,https://www.infotec.com.pe/105939-thickbox_default/case-gamer-halion-dataone-zigma-g01-vidrio-templado-sfuente-4-led-rgb.jpg,SI
205,PARL 2.0 Y 2.1 SUB WOOFER,PARL. 2.1 MIRAGE MIC S311 USB RGB,,66.0,06 M,https://www.thesprucepets.com/thmb/U3eHVOWa042ZwQbJoSvZ8iNsd9w=/750x0/filters:no_upscale():max_bytes(150000):strip_icc()/GettyImages-478625251-8a7315f6698049bfb7101a1e2ec6e3c4.jpg,SI
206,CASES GAMER SIN FUENTE,"CASE GAMER GAMEMAX INFINITY PRO, VIDRIO TEMPL LAT, USB 3.0,  USB 2.0",,394.0,12 M,https://alphatechnology.com.pe/wp-content/uploads/2025/02/a1-34.webp,SI
207,PARL 2.0 Y 2.1 SUB WOOFER,PARL. 2.1  EXXPERT CBX S500 USB RGB,,74.0,06 M,https://www.printonerperu.com/wp-content/uploads/2025/11/CYBERTEL-EXXPERT-5-768x768.jpg,SI
208,CASES GAMER SIN FUENTE,"CASE GAMER ESGAMING  AIRCRAFT 007, VIDRIO TEMPL LAT/ FRONT, USB 3.1",,650.0,12 M,https://alphatechnology.com.pe/wp-content/uploads/2025/11/a2-9.webp,SI
209,PARL 2.0 Y 2.1 SUB WOOFER,PARL 2.1 TE-6046N 40W,,130.0,06 M,https://compudel.com.pe/img/p/3/5/3/2/1/35321.jpg,SI
210,CASES GAMER SIN FUENTE,"CASE GAMER GAMEMAX BLADE CONCEPT, VIDRIO TEMPL LAT/ FRONT, USB 3.1",,1098.0,12 M,https://kkomputer.com/15612-large_default/gamemax-case-blade-concept-atx-glass-pcie40.jpg,SI
211,PARL 2.0 Y 2.1 SUB WOOFER,PARL 2.1 TE-6045N 60W,,210.0,06 M,https://pcya.pe/wp-content/uploads/2025/08/TE6045-2-600x600.png,SI
212,PARL 2.0 Y 2.1 SUB WOOFER,PARL 2.1 HALION LIBERTY G64 150W,,250.0,06 M,https://oechsle.vteximg.com.br/arquivos/ids/21660960-1000-1000/imageUrl_1.jpg?v=638878987814970000,SI
213,FUENTES DE PODER,FUENTE ATX  HALION  230W/600W  CAJA,,60.0,12 M,https://vipasa.pe/634-superlarge_default/fuente-poder-halion-atx-600w-caja.jpg,SI
214,PARL 2.0 Y 2.1 SUB WOOFER,PARL 2.1 HALION MOON G63 150W,,254.0,06 M,https://rimage.ripley.com.pe/home.ripley/Attachment/MKP/2135/PMP20001123055/imagen5-1.jpeg,SI
215,FUENTES DE PODER,FUENTE HALION SLIM 230/600W CAJA,,70.0,12 M,https://pcya.com.pe/wp-content/uploads/2023/06/MICRO-ATX-600W.jpg,SI
216,PARL 2.0 Y 2.1 SUB WOOFER,PARL 2.1 HALION MARTE HA-K84 250W,,320.0,06 M,https://rimage.ripley.com.pe/home.ripley/Attachment/MKP/2135/PMP20001123647/full_image-1.jpeg,SI
217,FUENTES DE PODER,FUENTE  ATX GF-600W HALION,,141.6,12 M,https://promart.vteximg.com.br/arquivos/ids/6645746-1000-1000/image-4480a3a8cb69411b8ce8b0c7e63f5615.jpg?v=638053291346730000,SI
218,FUENTES DE PODER,FUENTE  ATX GE-650W HALION GAMING,,153.6,12 M,https://compugamer.pe/wp-content/uploads/2025/08/Mesa-de-trabajo-1-12.jpg,SI
219,BARRAS DE SONIDO,BARRA HALION HA-SD55 RGB,,77.6,06 M,https://promart.vteximg.com.br/arquivos/ids/9985313-1000-1000/image-1.jpg?v=639040193270270000,SI
220,FUENTES DE PODER,FUENTE  ATX RGB 600W HALION GAMING,,165.6,12 M,https://promart.vteximg.com.br/arquivos/ids/7667228-1000-1000/image-1.png?v=638363685459470000,SI
221,BARRAS DE SONIDO,"SOUNDBAR HALION HA-S35W, 120W",,258.0,06 M,https://rimage.ripley.com.pe/home.ripley/Attachment/MKP/2205/PMP20000322314/full_image-1.jpeg,SI
222,FUENTES DE PODER,FUENTE ATX 80+ WHITE GAMEMAX VP-500W                       **CERTIF 80+ WHITE **,,173.6,13 M,https://compugamer.pe/wp-content/uploads/2025/08/Mesa-de-trabajo-1-128.jpg,SI
223,BARRAS DE SONIDO,"SOUNDBAR HALION HA-S40C LED, 120W",,282.0,06 M,https://rimage.ripley.com.pe/home.ripley/Attachment/MKP/3058/PMP20000322378/full_image-1.jpeg,SI
224,FUENTES DE PODER,FUENTE ATX 80+ WHITE GAMEMAX VP-600W                       **CERTIF 80+ WHITE **,,194.0,12 M,https://compugamer.pe/wp-content/uploads/2025/08/Mesa-de-trabajo-2-4.jpg,SI
225,BARRAS DE SONIDO,"SOUNDBAR HALION HA-S45C LED, 150W",,314.0,06 M,https://content2.kawasaki.com/ContentStorage/KMA/ProductTopFeature/2082/ace02b3f-716c-4666-9e36-431196da22ea.jpg?w=800,SI
226,FUENTES DE PODER,FUENTE ATX 80+ WHITE GAMEMAX VP-600W   RGB                  **CERTIF 80+ WHITE **,,202.0,12 M,https://pcmatplus.com/wp-content/uploads/2025/01/GM-600W-1.png,SI
227,FUENTES DE PODER,FUENTE ATX 80+ BRONZE IFORGAME  AK600                   **CERTIF 80+ BRONZE **,,204.0,12 M,https://smarttech.com.pe/1900-large_default/fuente-de-energia-iforgame-ak600-600w-80-plus-bronze.jpg,SI
228,FUENTES DE PODER,FUENTE ATX 80+ BRONZE GAMEMAX VP-600W                       **CERTIF 80+ BRONZE **,,206.0,12 M,https://compumundostore.com/wp-content/uploads/2024/06/FUENTE-DE-PODER-GAMEMAX-VP-600-80-PLU-BRONZE.jpg,SI
229,FUENTES DE PODER,FUENTE ATX 80+ BRONZE GAMEMAX GP-650W   (BLANCO)              **CERTIF 80+ BRONZE **,,209.6,12 M,https://dust2.gg/wp-content/uploads/2025/09/new-project-2025-09-01t165952240-a40263cc-9d38-451a-b2bd-3cac51d749ac.jpg,SI
230,FUENTES DE PODER,FUENTE ATX 80+ BRONCE GAMEMAX VP-700W        **CERTIF 80+ BRONZE **,,222.0,12 M,https://www.bestcell.com.ec/imgadmin/storage/imagenes_articulos/1156/5230.jpg.webp,SI
231,FUENTES DE PODER,FUENTE ATX 80+ BRONCE IFORGAME  AK700        **CERTIF 80+ BRONZE **,,222.0,12 M,https://smarttech.com.pe/1899-large_default/fuente-de-energia-iforgame-ak700-700w-80-plus-bronze.jpg,SI
232,FUENTES DE PODER,FUENTE ATX 80+ BRONZE GAMEMAX GP-750W  BLANCO              **CERTIF 80+ BRONZE **,,234.0,12 M,https://nomadaware.com.ec/wp-content/uploads/NomadaWare_psu_Gamemax_gp750_80_Bronce.webp,SI
233,FUENTES DE PODER,FUENTE ATX 80+ GOLD GAMEMAX 750W MODULAR RGB           **CERTIF 80+ GOLD **,,342.0,12 M,https://compuvisionperu.pe/public/img/productos/WLj05ld3NrzcfkN1Nh4H3bvSdjV3Io9e0iVvJzpXgfzCFC4SkyadQLvtvHm4wlYmJuYTjDqGjgJoiD7J.jpg,SI
234,FUENTES DE PODER,FUENTE ATX GAMER GOLD FPMAX FOX 1000W MODULAR              **CERTIF 80+ GOLD **,,662.0,12 M,https://images.tcdn.com.br/img/img_prod/1157659/fonte_de_alimentacao_atx_850w_80_plus_gold_modular_revenger_22954_2_20718326cb0cbc22c3e2c7652ecfd948.png,SI
235,FUENTES DE PODER,FUENTE ATX GAMER GOLD FPMAX FOX 1200W MODULAR              **CERTIF 80+ GOLD **,,738.0,12 M,https://www.tiktok.com/api/img/?itemId=7558623749554048273&location=0&aid=1988,SI
236,SISTEMA DE ENFRIAMIENTO,"COOLER P/CASE ICE COOL ,08 CM, C/MOLES",,30.0,03M,https://ae01.alicdn.com/kf/HTB1PgfHh4WYBuNjy1zkq6xGGpXau/ICE-COOREL-enfriador-de-ordenador-port-til-almohadilla-de-enfriamiento-inteligente-de-temperatura-de-CPU-ventiladores.jpg,SI
237,SISTEMA DE ENFRIAMIENTO,"COOLER P/CPU FAN COBRE, LGA 1200/1700,",,70.0,03M,https://s.alicdn.com/@sc04/kf/H13532efd0ee943e2ace6c595e9b20fe1t.jpg_720x720q50.jpg,SI
238,SISTEMA DE ENFRIAMIENTO,"SISTEMA DE ENFRIAMIENTO CYBERCOOL AR240B, 2xARGB C/DISPLAY",,236.0,03M,https://quiosco.com.pe/wp-content/uploads/2026/01/SDECA2657.png,SI
239,MICROFONOS,MICRÓFONO DE GRABACIÓN HAVIT GK65     NEGRO/BLANCO,,130.0,03 M,https://www.tunisianet.com.tn/445154-large/microphone-gaming-omnidirectionnel-havit-gk65.jpg,SI
240,SISTEMA DE ENFRIAMIENTO,"SISTEMA DE ENFRIAMIENTO CYBERCOOL AR360B,, 3xARGB C/DISPLAY",,318.0,03M,https://quiosco.com.pe/wp-content/uploads/2026/01/SDECA3659.png,SI
241,MICROFONOS,MICRÓFONO DE GRABACIÓN HAVIT GK50 PRO RGB,,150.0,03 M,https://bigmarketperu.com/storage/products/76381a43-fa62-43fa-b798-96e7701347e5-800.webp,SI
242,MONITORES,"MON VIEWSONIC 22'' VA, VA220A-H ,HDMI, VGA, FHD, 120Hz, 1ms",,290.0,LAK,https://www.xt-pc.com.ar/img/productos/18/MON860.jpg,SI
243,IMPRESORAS MULTIFUNCIONALES,IMPRESORA EPSON TERMICA TM-T20IVL-001 USB,,614.0,24M,https://imagenes.deltron.com.pe/images/productos/carrusel/PREPTC31CL45001/PREPTC31CL45001_1760657769.jpg,SI
244,MONITORES,"MON TEROS 23.8"" IPS TE-2417S, FHD,HDMI, DP, AUDIO OUT, PARLANTES, 144Hz, 1ms",,310.0,LAK,"https://media.falabella.com/falabellaPE/147761630_01/w=800,h=800,fit=pad",SI
245,IMPRESORAS MULTIFUNCIONALES,"EPSON ECOTANK L1250 USB, Wi-FI.",,582.0,24M,https://www.soriana.com/dw/image/v2/BGBD_PRD/on/demandware.static/-/Sites-soriana-grocery-master-catalog/default/dwdd2b2d7f/images/product/10343970700_B.jpg?sw=1000&sh=1000&sm=fit,SI
246,MONITORES,"MON TEROS 23.8"" VA TE-2403S, FHD,HDMI, DP, AUDIO OUT 144Hz, 1ms",,390.0,LAK,https://smarttech.com.pe/6589-large_default/monitor-teros-te-2403s-curvo-23-8-panel-va-full-hd-144hz-1ms-hdmi-dp-pn-te-2403s.jpg,SI
247,IMPRESORAS MULTIFUNCIONALES,"EPSON  MULTIF ECOTANK L3250 USB, WIFI",,798.0,24M,https://movicenter.com.pa/wp-content/uploads/2022/06/34169-1024x1024.jpg,SI
248,MONITORES,"MON TEROS 27"" IPS TE-2714S FHD, HDMI, DP, AUDIO OUT, PARLANTES, 144Hz, 1ms",,402.0,LAK,https://rimage.ripley.com.pe/home.ripley/Attachment/MKP/3102/PMP20001132611/full_image-1.jpeg,SI
249,IMPRESORAS MULTIFUNCIONALES,"EPSON  MULTIF ECOTANK L4360 USB, WIFI, DUPLEX",,934.0,24M,https://lavictoria.ec/wp-content/uploads/2025/11/IMPRESORA-MULTIFUNCION-ECOTANK-L4360-EPSON-4.jpg,SI
250,MONITORES,"MON HALION 27'' IPS LED 2712FF, VGA, HDMI, FHD 1920X1080, C/CABLE HDMI 120HZ",,430.0,LAK,https://oechsle.vteximg.com.br/arquivos/ids/23082828-1000-1000/imageUrl_1.jpg?v=638989993989430000,SI
251,IMPRESORAS MULTIFUNCIONALES,"EPSON  MULTIF ECOTANK L5590 USB, WIFI,ADF,ETHERNET",,1048.0,24M,https://resources.claroshop.com/medios-plazavip/t1/1715370962C11CK57301Mesadetrabajo1jpg?scale=500&qlty=75,SI
252,MONITORES,"MON LG GAMING 27'' IPS LED 27U411A-B, VGA, HDMI, FHD 1920X1080, C/CABLE HDMI 120HZ",,462.0,,https://sercoplus.com/72545-large_default/monitor-lg-ultragear-27u411a-b-27-ips.jpg,SI
253,IMPRESORAS MULTIFUNCIONALES,BROTHER IMPRESORA MULTIFUNCIONAL MFC-T930DW USB/ WIFI,,1190.0,24M,https://rimage.ripley.com.pe/home.ripley/Attachment/MKP/5134/PMP20000749777/full_image-1.jpeg,SI
254,MONITORES,"MON HALION 27'' IPS LED HG2726QF, DP, HDMI, FHD 1920X1080, C/CABLE HDMI 120HZ",,538.0,LAK,https://www.infotec.com.pe/108891-large_default/monitor-gamer-halion-hg2726qf-27-qhd-2k-180hz-ipspivot.jpg,SI
255,IMPRESORAS MULTIFUNCIONALES,"MULTIFUNC. EPSON WORKFORCE PRO WF-C5810, IMPRIME/ESCANEA/COPIA/FAX/LAN/WIFI",,2050.0,24M,https://reisoffice.com.br/produtos/imagem/7207/0/multifuncional+colorida+workforce+pro+wf-c5810+-+epson_0.jpg,SI
256,MONITORES,"MON TEROS CURVO 27"" VA TE-2734S, FHD, HDMI, AUDIO OUT, DP, 144Hz, 1ms",,490.0,LAK,https://eatfishwife.com/cdn/shop/files/AfterlightImage_2_1_1280x.jpg?v=1709656869,SI
257,IMPRESORAS MULTIFUNCIONALES,BROTHER MULTIFUNC. BROTHER MFC-T4500W A3,,2810.0,24M,https://compumarket.pe/fotos/producto_5360_1745_lg.jpg,SI
258,MONITORES,"MON TEROS 23.8"" IPS TE-2416CS, QHD, CÁMARA, DOBLE MICRÓFONO, HDMI, DP, AUDIO OUT, USB-A, USB-B 100Hz, 1ms",,490.0,LAK,https://promart.vteximg.com.br/arquivos/ids/10012709-1000-1000/imageUrl_1.jpg?v=639046585684730000,SI
259,MONITORES,"MON CURVO GAMING TEROS 31.5"" VA TE-3215G, FHD, HDMI, AUDIO OUT, DP, 165 HZ",,710.0,LAK,"https://imagedelivery.net/4fYuQyy-r8_rpBpcY7lH_A/falabellaPE/128920696_01/w=800,h=800,fit=pad",SI
260,CABEZALES,CABEZAL CANON PIXMA NEGRO BH-10 COLOR CH-10,,390.0,,https://corporacionluzmar.com/wp-content/uploads/2024/12/Cabezal-Canon-BH-10-y-CH-10.jpg,SI
261,MONITORES,"MON. TEROS TE-2715CS, QHD IPS, 100Hz, HDMI, DP, Audio Out, Cámara 5MP",,886.0,LAK,https://cds.pe/wp-content/uploads/2025/08/NUEVOS-MONITORES55.jpg,SI
262,CABEZALES,CABEZAL CANON PIXMA NEGRO BH-1 COLOR CH-1,,370.0,,https://teodomi.com/wp-content/uploads/2025/02/Pack-Cabezal-Canon-BH-1-Negro-CH-1-Color-G2110-G3110.jpg,SI
263,PROTECCION ELECTRICA,REGLETA DE 6 TOMAS FORZA PS-001B,,26.0,24M,https://www.tecnovani.com/wp-content/uploads/PS-001B.png,SI
264,TINTAS,"BOTELLA. EPSON T664  NEGRO , CYAN, MAGENTA, YELLOW   65ML",,43.2,,https://www.intelec.co.cr/wp-content/uploads/2022/01/T664120-1000x1000.jpg,SI
265,PROTECCION ELECTRICA,REGUL AVR FORZA FVR 902 900VA/450W/ 8 SALIDAS,,54.0,24M,https://rimage.ripley.com.pe/home.ripley/Attachment/MKP/3092/PMP20001310379/full_image-1.jpeg,SI
266,TINTAS,"BOTELLA. EPSON T544  NEGRO, CYAN, MAGENTA, YELLOW  65ML",,45.2,,https://draymi.pe/wp-content/uploads/2023/08/544negro.png,SI
267,PROTECCION ELECTRICA,REGUL AVR FORZA FVR-1012 1000VA/500W/ 4 SALIDAS,,66.0,24M,https://promart.vteximg.com.br/arquivos/ids/8648236-1000-1000/image-0.jpg?v=638768816279330000,SI
268,TINTAS,BOTELLA. EPSON T504  NEGRO  127ML,,49.2,,https://digitalstore.com.co/wp-content/uploads/2024/10/504.jpg,SI
269,PROTECCION ELECTRICA,REGUL AVR FORZA FVR-1222 USB 1200VA/600W/ 8 SALIDAS,,96.0,24M,https://computershopperu.com/2676-medium_default/estabilizador-forza-fvr-1222usb-1200va600w-8-tomas-2-usb-220v.jpg,SI
270,TINTAS,"BOTELLA. EPSON T504  CYAN,  MAGENTA, YELLOW  70ML",,45.2,,https://draymi.pe/wp-content/uploads/2023/08/image-cf1b2bf7921b4ceea646dbc95aac522e.webp,SI
271,PROTECCION ELECTRICA,REGUL FORZA FVR-3002 3000VA/1500W 4 SALIDAS,,150.0,24M,https://yosoyinazuma.com/wp-content/uploads/2025/10/ESTABILIZADOR-FORZA-AVR-FVR3002.jpg,SI
272,TINTAS,BOT. TINTA BROTHER NEGRO BTD60BK,,51.2,,https://www.brother.cl/-/media/brother/product-catalog-media/images/2021/09/16/22/06/btd60bk_cartonwithbottle.png,SI
273,PROTECCION ELECTRICA,UPS SAT UR-500 500VA/300W,,166.0,24M,https://pcya.com.pe/wp-content/uploads/2025/05/SAT-UR500-1024x1024.png,SI
274,TINTAS,"TINTA BROTHER TRIPACK BT5001C,M,Y",,99.2,,https://alphatechnology.com.pe/wp-content/uploads/2024/09/a1-1255.webp,SI
275,PROTECCION ELECTRICA,UPS FORZA NT-512U 500VA/250W                    18 MIN,,182.0,24M,https://wiltron.pe/wp-content/uploads/2022/08/1-9.png,SI
276,TINTAS,BOT. TINTA BROTHER NEGRO BTD100BK,,50.0,,https://officemax.vtexassets.com/arquivos/ids/1445022-800-auto?v=638738626213900000&width=800&height=auto&aspect=true,SI
277,PROTECCION ELECTRICA,UPS SAT UR-750 750VA/360W,,206.0,24M,https://toolstiendainformatica.com/wp-content/uploads/2024/01/Ups-Sat-MTR-informatica-1.png,SI
278,TINTAS,BOT. TINTA BROTHER CYAN BTD100C,,50.0,,https://www.brother.com.br/-/media/brother/product-catalog-media/images/bro9769-bt-d100c-label-050724.jpg,SI
279,PROTECCION ELECTRICA,UPS FORZA NT-752U 750VA/375W                    25 MIN,,218.0,24M,https://rimage.ripley.com.pe/home.ripley/Attachment/MKP/1829/PMP20000278844/imagen2-1.jpeg,SI
280,TINTAS,BOT. TINTA BROTHER MAGENTA BTD100M,,50.0,,https://www.brother.cl/-/media/brother/product-catalog-media/images/bro9769-bt-d100m-label-050724.jpg,SI
281,PROTECCION ELECTRICA,UPS FORZA NT-1012U 1000VA/500W                   32 MIN,,262.0,24M,https://www.innovacionperu.com/tienda/wp-content/uploads/2024/07/Forza-NT-1012U.jpg,SI
282,TINTAS,BOT. TINTA BROTHER YELLOW BTD100Y,,50.0,,https://cdnx.jumpseller.com/todo-brother/image/55231681/resize/540/540?1729197523,SI
283,PROTECCION ELECTRICA,UPS FORZA FX-2200LCD-U 2200VA/1200W,,922.0,24M,https://solant.com.gt/wp-content/uploads/2024/01/R-5.jpg,SI
284,TINTAS,"BOLSA. TINTA EPSON  T11B120 NEGRO, T11A320 MAGENTA,T11A420 YELLOW",,300.0,,https://wallpapers.com/images/featured/balaji-i7hbxauq5t2pf8ff.jpg,SI
285,PROTECCION ELECTRICA,ESTACION DE CARGA FORZA FPP-T702 700W,,1730.0,24M,https://pulsogamer.com.py/35290-thickbox_default/generador-forza-fpp-t702-700w-portatil-y-potente-para-exteriores.jpg,SI
286,COOLER LAPTOPS,SOPORTE PARA LAPTOP CYBERCOOL HA-E6,,46.0,06 M,https://4.bp.blogspot.com/-g9ijiuqDBsw/U37gbXnBabI/AAAAAAAAAEc/hH-SAjvv-K4/s1600/imagen-soporte-remoto.png,SI
287,GAME PAD,"GAME PAD HALION FOR ANDROID HA-7004, BLUETOOTH",,40.0,6M,https://grupolacume.com.pe/6661-large_default/game-pad-halion-bluetooth-for-android-ha-7004.jpg,SI
288,COOLER LAPTOPS,"COOLER GAMER PARA LAPTOP CYBERCOOL HA-N12 RGB HASTA 17""",,98.0,06 M,https://media.falabella.com/falabellaPE/126137289_01/public,SI
289,GAME PAD,"GAME PAD HALION FOR ANDROID HA-7024, BLUETOOTH (PC, TABLET, SMARTPHONE, IPHONE, IPAD)",,42.0,6M,https://grupolacume.com.pe/6666-large_default/game-pad-halion-bluetooth-for-android-ha-7024.jpg,SI
290,SILLA GAMER,SILLA GAMER GC-6688-1,,490.0,,https://compumarket.pe/fotos/producto_16846_lg.jpg,SI
291,ANTIVIRUS,ANTIVIRUS KASPERSKY STANDARD *1 DISP,,38.0,12M,https://store.alnabaa.com/cdn/shop/files/1_5ed7f14a-af3d-4d17-abea-3f8eba90d0ad.jpg?v=1767607677&width=2160,SI
292,MOCHILAS,CASE FOR PJD5 SERIES 008 VIEWSONIC,,40.0,,https://i.ytimg.com/vi/om8LgygaWuw/maxresdefault.jpg,SI
293,LICENCIAS WINDOWS,WINDOWS 11 PRO - LICENCIAS OEM FQC-10553 C/STICKER,,78.0,,https://i5.walmartimages.com.mx/mg/gm/3pp/asr/181d0a13-5336-4827-9434-7c6794929f66.963b1ec162c26d26cccfad8423fa530b.jpeg?odnHeight=2000&odnWidth=2000&odnBg=ffffff,SI
294,MOCHILAS,MOCHILA TE-ACS9020GR TEROS,,52.0,,https://draymi.pe/wp-content/uploads/2025/05/nbacte9020gr.jpg,SI
295,MOCHILAS,MOCHILA TEROS CITY II TE-9028GR,,74.0,,http://baetech.pe/cdn/shop/files/TE-9028GR.jpg?v=1769114578,SI
296,LECTORA / SCANNER,GRABADOR DVD - RW EXTERNO SLIM LG NEGRO,,130.0,,https://images.fravega.com/f1000/842c881fe1fee5efbbeef6ec21506f83.jpg,SI
297,MOCHILAS,MOCHILA TEROS GAMER BACKPACK VISION,,90.0,,https://erp.gestionx.com/erpx/Preferencias/megatec/1/Archivos/2631.webp,SI
298,LECTORA / SCANNER,SCANNER 1D&2D WIRELESS,,190.0,,https://m.media-amazon.com/images/I/81Y-OzKGbjL.jpg,SI
299,MOCHILAS,MALETIN LENOVO CASUAL TOPLOADER T210 P/LAPTOP C/LOGO,,82.0,,https://img.pccomponentes.com/articles/1065/10651075/1462-lenovo-casual-toploader-t210-maletin-para-portatil-hasta-156-negro.jpg,SI
300,MOCHILAS,"MOCHILA HP TRAVEL 18L, 15.6",,90.0,,http://img.pccomponentes.com/articles/1073/10732586/1627-hp-travel-18l-mochila-azul-noche-para-portatil-156.jpg,SI
301,MEMORIAS USB,"SANDISK USB 3.1 ULTRA DUAL DRIVE LUXE 256GB,  TYPE- C,  ACERO",,197.6,,https://productimages.hepsiburada.net/s/777/424-600/110001553952317.jpg,SI
302,MOCHILAS,"MOCHILA HP PRELUDE 15.6""",,98.0,,https://www.helpcompartes.com/9566-large_default/4580511765316-mochila-hp-prelude-156-gris-1e7d6aa-m14863001-orig.jpg,SI
303,MEMORIAS USB,"SANDISK USB 3.1 ULTRA DUAL DRIVE LUXE 512GB,  TYPE- C,  ACERO",,345.6,,https://www.tradeinn.com/f/13783/137834784/sandisk-ultra-dual-drive-luxe-512gb-usb-3.1-pendrive.webp,SI
304,MOCHILAS,"MOCHILA HP PRELUDE 15.6""",,98.0,,https://www.helpcompartes.com/9566-large_default/4580511765316-mochila-hp-prelude-156-gris-1e7d6aa-m14863001-orig.jpg,SI
305,BRAZO DE MONITOR,BRAZO PARA MONITOR HALION M252  RGB,,118.0,,https://www.oneforall.com/sites/default/files/2025-04/dm5210_angle_1.png,SI
306,OTROS,TOMACORRIENTE INTELIGENTE TEROS TE9102W,,46.0,,https://cyccomputer.pe/61283-home_default/teros-t-9102w-white-toma-corriente-inteligente-wifi-2-tomas2-usb.jpg,SI
307,OTROS,POWERBANK TEROS TE-7050N,,78.0,,https://compusystemperu.com/wp-content/uploads/2021/07/TE-7050N-1024x1024.jpg,SI
308,KIT DE LIMPIEZA,KIT DE LIMPIEZA AB C3 60ML CON PAÑO DE MICROFIBRA AZUL,,18.8,,https://compusystemperu.com/wp-content/uploads/2021/05/AB-C3.jpg,SI
309,OTROS,"CÁMARA INTELIGENTE TEROS TE-90603N, RESOLUCIÓN 3 MP, WI-FI, COLOR NEGRO",,225.6,,https://www.teroslatinamerica.com/wp-content/uploads/2024/03/NWSHTE90603N.jpg,SI
310,KIT DE LIMPIEZA,KIT DE LIMPIEZA AB C5 120ML CON PAÑO DE MICROFIBRA AZUL,,24.0,,https://credicomp.com/wp-content/uploads/2025/08/Kit-Limpieza-Airboom-Ab-C5-SprayPano-120ml-Clean-Multi-Uso-Para-Laptop-Monitores.jpg,SI
311,OTROS,"PANEL SOLAR PORTÁTIL TEROS TE-7201N, 30 W",,254.0,,https://cyccomputer.pe/57305-home_default/panel-solar-portatil-teros-te-7201n-30w-.jpg,SI
312,ADAPTADORES,ADAPTADOR PREMIUM ACER 19V 3.42A 65W 3.0*1.1     RECT,,230.0,LAK,https://down-th.img.susercontent.com/file/th-11134207-7rasf-m8pr8v8750m8e6,SI
313,ADAPTADORES,ADAPTADOR PREMIUM HP 19.5V 3.33A 65W 4.5*3.0     CUADRADO,,230.0,LAK,https://down-th.img.susercontent.com/file/cn-11134208-7ras8-m4kcadxkpaev62,SI
314,ADAPTADORES,ADAPTADOR PREMIUM LENOVO 20V 3.25A 65W 4.0*1.7   CUADRADO,,230.0,LAK,https://ae01.alicdn.com/kf/S977a5a0a06194f20b5caf1689f442b17L.jpeg,SI
315,ADAPTADORES,ADAPTADOR PREMIUM LENOVO 20V 3.25A 65W     TIPO C,,258.0,LAK,https://ae01.alicdn.com/kf/S977a5a0a06194f20b5caf1689f442b17L.jpeg,SI
316,ADAPTADORES,ADAPTADOR PREMIUM LENOVO 20V 3.25A 65W     TIPO C OVALADO,,278.0,LAK,https://ae01.alicdn.com/kf/S977a5a0a06194f20b5caf1689f442b17L.jpeg,SI
317,BATERIAS PARA LAPTOP,BATERIA COMPATIBLE HP HS04_240 G4,,78.0,LAK,https://credicomp.com/wp-content/uploads/2021/01/41-oCQRZeYL._AC_.jpg,SI
318,BATERIAS PARA LAPTOP,BATERIA COMPATIBLE HP JC04 JC03,,78.0,LAK,https://rimage.ripley.com.pe/home.ripley/Attachment/MKP/4916/PMP20000397010/imagen2-1.jpeg,SI
319,BATERIAS PARA LAPTOP,BATERIA COMPATIBLE HP OA04/240 G2,,78.0,LAK,https://bunny-wp-pullzone-lcnorhfy96.b-cdn.net/wp-content/uploads/ImmuneSystem.jpg,SI
320,BATERIAS PARA LAPTOP,BATERIA COMPATIBLE HP CQ42 DM4 MU06 (PROBOOK),,78.0,LAK,https://tecsoftcomputer.com.pe/5434-large_default/bateria-compatible-hp-cq42-dm4-probook-mu06-9-celdas.jpg,SI
321,BATERIAS PARA LAPTOP,BATERIA COMPATIBLE TOSHIBA PA5185 PA5195 L45 C55,,78.0,LAK,https://nanotech-market.com/wp-content/uploads/2024/07/d0c12b5afcdf21a8c3f8756edbdabe76.webp,SI
322,BATERIAS PARA LAPTOP,BATERIA COMPATIBLE TOSHIBA PA5024 PA5109 C840 C850 L850,,78.0,LAK,https://vaslinkec.com/wp-content/uploads/2026/03/BATERIA-TOSHIBA-PA5024-PA5109-OEM.jpg,SI
323,BATERIAS PARA LAPTOP,BATERIA COMPATIBLE ASUS X540 X540S INTERNA,,86.0,LAK,https://www.altercomx.com/cdn/shop/files/EKUX540LATERAL_550x550_crop_center.png?v=1714179080,SI
324,BATERIAS PARA LAPTOP,BATERIA COMPATIBLE DELL WDXOR INSPIRON 13 5000 13 5378 INTERNA,,98.0,LAK,https://rimage.ripley.cl/home.ripley/Attachment/MKP/8420/MPM10001312200/full_image-1.webp,SI
325,BATERIAS PARA LAPTOP,BATERIA COMPATIBLE LENOVO G400S G500S,,102.0,LAK,https://http2.mlstatic.com/D_NQ_NP_787107-MLM45570411347_042021-O.webp,SI
326,BATERIAS PARA LAPTOP,BATERIA COMPATIBLE DELL 3451 3551 M5Y1K,,106.0,LAK,https://http2.mlstatic.com/D_NQ_NP_977835-MLA54488996977_032023-O.webp,SI
327,BATERIAS PARA LAPTOP,"BATERIA COMPATIBLE LENOVO IDEAPAD V310 14ISK, 15ISK L15S4A02",,122.0,LAK,https://greencomputer.pt/wp-content/uploads/2024/04/BT-LE-V310-Bateria-Movano-do-Lenovo-Ide1-2ad-V310-14ISK-V310-15ISK.jpg,SI
328,CARGADORES,CARGADOR COMPATIBLE HP 19.5V 2.05A 40W - BULLET                                                          PN: 1010111,,34.0,LAK,https://m.media-amazon.com/images/I/51T-VIEwu5L._AC_.jpg,SI
329,CARGADORES,CARGADOR COMPATIBLE HP 19.5V 2.31A 45W - 4.5*3.0  (PUNTA AZUL)                                 PN: 1010116,,34.0,,https://eurocomputer.com.uy/wp-content/uploads/2023/06/hp-charger7.png,SI
330,CARGADORES,CARGADOR COMPATIBLE ACER 19V 2.37A 45W - 3.0X1.1                                                         PN: 1010507,,34.0,LAK,https://http2.mlstatic.com/D_NQ_NP_709941-MLA79654253690_102024-O.webp,SI
331,CARGADORES,CARGADOR COMPATIBLE LENOVO 20V 3.25A 65W - 4.0*1.7                                                     PN: 1010714,,34.0,LAK,https://eurocomputer.com.uy/wp-content/uploads/2023/06/Lenovo-charger8.png,SI
332,CARGADORES,CARGADOR COMPATIBLE LENOVO 20V 2.25A 45W - 4.0*1.7                                                     PN: 1010712,,34.0,LAK,https://eurocomputer.com.uy/wp-content/uploads/2023/05/cnblen06-3.jpg,SI
333,CARGADORES,CARGADOR COMPATIBLE HP 19.5V 3.33A 65W - 4.5*3.0 (PUNTA AZUL)                                   PN: 1010114,,34.0,LAK,https://megazone.pk/wp-content/uploads/2022/10/e75b85a0a3fdae4b5b354d26d0494fc0.jpg,SI
334,CARGADORES,CARGADOR COMPATIBLE HP 19.5V 3.33A 65W - 4.8*1.7                                                            PN: 1010112,,34.0,LAK,https://megazone.pk/wp-content/uploads/2022/10/e75b85a0a3fdae4b5b354d26d0494fc0.jpg,SI
335,CARGADORES,CARGADOR COMPATIBLE HP 18.5V3.5A 65W - 4.8*1.7 (PUNTA AMARILLA)                              PN: 1010101,,34.0,LAK,https://eurocomputer.com.uy/wp-content/uploads/2023/05/978-thickbox_default-Cargador-Compatible-HP-18.5V-3.5A-65W-600x686.jpg,SI
336,CARGADORES,CARGADOR COMPATIBLE HP 19.5V 3.33A 65W - 7.4*5.0                                                            PN: 1010115,,34.0,LAK,https://megazone.pk/wp-content/uploads/2022/10/e75b85a0a3fdae4b5b354d26d0494fc0.jpg,SI
337,CARGADORES,CARGADOR COMPATIBLE LENOVO 20V 3.25A 65W -  7.9*5.5                                                    PN: 1010701,,34.0,LAK,https://eurocomputer.com.uy/wp-content/uploads/2023/06/Lenovo-charger8.png,SI
338,CARGADORES,CARGADOR COMPATIBLE LENOVO 20V 3.25A 65W - USB                                                         PN: 1010706,,34.0,LAK,https://eurocomputer.com.uy/wp-content/uploads/2023/06/Lenovo-charger8.png,SI
339,CARGADORES,CARGADOR COMPATIBLE ACER 19V 3.42A 65W - 3.0*1.1                                                          PN: 1010504,,34.0,LAK,"https://media.falabella.com/falabellaPE/145241204_01/w=800,h=800,fit=pad",SI
340,CARGADORES,CARGADOR COMPATIBLE ACER 19V 3.42A 65W - 5.5*1.7                                                          PN: 1010502,,34.0,LAK,"https://media.falabella.com/falabellaPE/145241204_01/w=800,h=800,fit=pad",SI
341,CARGADORES,CARGADOR COMPATIBLE ASUS 19V 3.42A 65W - 4.0*1.35                                                        PN: 1010607,,34.0,LAK,https://eurocomputer.com.uy/wp-content/uploads/2023/06/CNBAS1.jpg,SI
342,CARGADORES,CARGADOR COMPATIBLE TOSHIBA 19V 3.42A 65W - 5.5*2.5                                                    PN: 1010801,,34.0,LAK,https://digitalserver.com.ec/wp-content/uploads/2025/09/13185_imagen_1.png,SI
343,CARGADORES GENERICOS,CARGADOR GEN HP 19.5V 3.33A 65W PUNTA AZUL                                    PN: 8010104,,86.0,LAK,https://www.comercialbenavides.net/data/images/prods/prod_09f554178f49915ae9a399979e19929c.jpg,SI
344,CARGADORES GENERICOS,CARGADOR GEN ASUS 19V 3.42A 65W PUNTA NEGRA DELGADA              PN: 8010501,,86.0,LAK,https://mega-website.s3.amazonaws.com/PRO000013-1.jpg,SI
345,CARGADORES GENERICOS,CARGADOR GEN LENOVO 20V 3.25A 65W PUNTA NEGRA                          PN: 8010701,,86.0,LAK,https://rimage.ripley.com.pe/home.ripley/Attachment/MKP/3898/PMP20000050988/imagen2-1.jpeg,SI
346,CARGADORES GENERICOS,CARGADOR GEN LENOVO 20V 3.25A 65W PUNTA TIPO C - CUADRADO    PN: 8010703,,98.0,LAK,https://rimage.ripley.com.pe/home.ripley/Attachment/MKP/3898/PMP20000050988/imagen2-1.jpeg,SI
347,CARGADORES GENERICOS,CARGADOR GEN LENOVO 20V 3.25A 65W PUNTA TIPO C - OVALADO      PN: 8010709,,114.0,LAK,https://rimage.ripley.com.pe/home.ripley/Attachment/MKP/3898/PMP20000050988/imagen2-1.jpeg,SI
348,PANTALLAS DE LAPTOP,PANTALLA LED 15.6 (40 PINES) HD (1366*768) SIN GANCHOS                                                 PN: 1040107,,142.0,LAK,https://digitalserver.com.ec/wp-content/uploads/2025/09/13684_imagen_1.png,SI
349,PANTALLAS DE LAPTOP,PANTALLA SLIM 14.0 (30 PINES) HD (1366*768) REDUCIDO CON GANCHOS                          PN: 1040144,,162.0,LAK,https://informaticadataplus.pe/wp-content/uploads/2024/05/Pantalla-Para-Laptop-14-Pulgadas-Slim-30-Pines-Hd-1366-X-768.jpg,SI
350,PANTALLAS DE LAPTOP,PANTALLA SLIM 15.6 (30 PINES) HD (1366*768) REDUCIDO CON GANCHOS                          PN: 1040148,,162.0,LAK,https://i5.walmartimages.com.mx/mg/gm/3pp/asr/829e142b-c1eb-438e-9d9b-593ba4337b27.2ab4408efd9c0dbb956b4a101c55d828.jpeg?odnHeight=2000&odnWidth=2000&odnBg=ffffff,SI
351,PANTALLAS DE LAPTOP,PANTALLA SLIM 15.6 (40 PINES) HD (1366*768) CON GANCHOS                                             PN: 1040108,,166.0,LAK,https://idminformatica.com.ar/wp-content/uploads/2023/04/PANTALLA-LED-SLIM-15.6-40-PINES-HD-C-BRACKETS-NT156WHM-N10-V8.0.jpg,SI
352,PANTALLAS DE LAPTOP,PANTALLA SLIM 14.0 (40 PINES) HD (1366*768) CON GANCHOS                                             PN: 1040106,,166.0,LAK,https://nanstoreperu.com/wp-content/uploads/2025/07/PS442.jpg,SI
353,PANTALLAS DE LAPTOP,PANTALLA SLIM 14.0 (30 PINES) FHD (1920*1080) REDUCIDO CON GANCHOS                     PN: 1040161,,194.0,LAK,https://serviclicec.com/wp-content/uploads/2022/01/Pantalla-14.0-30-pines-FHD.jpg,SI
354,PANTALLAS DE LAPTOP,PANTALLA SLIM 15.6 (30 PINES) FHD (1920*1080) REDUCIDA SIN GANCHOS                        PN: 1040168,,232.0,LAK,https://http2.mlstatic.com/D_NQ_NP_843625-MLM75933114541_042024-O.webp,SI
